company,ticker,region,industry,segment,sub_bucket,included,upside_to_pt,downside_to_bear,upside_to_bull,bull_bear_skew,prob_3m_base,prob_3m_bull,prob_12m_base,prob_12m_bull
AES Corp.,AES.N,North America,Diversified Utilities / IPPs,Power Supply,Grid + Onsite Renewable Storage,True,0.474201474201474,-0.447174447174447,1.02702702702703,2.2967032967033045,0.0012,0.0,0.0137,0.0
Algonquin Power & Utilities Corp,AQN.N,North America,Regulated Utilities,,,False,-1.0,,,,,,,
Ameren Corp,AEE.N,North America,Regulated Utilities,,,False,-0.0267639902676399,-0.324141659908083,0.0813733441470668,0.2510425354462055,0.44310000000000005,0.051,0.5007,0.2066
American Electric Power Co,AEP.O,North America,Diversified Utilities / IPPs,,,False,-0.0380175465599507,-0.191934739110359,0.0774203478528552,0.40336808340015984,0.32,0.0398,0.4325,0.1916
Array Technologies Inc,ARRY.O,North America,Clean Tech,,,False,-0.193548387096774,-0.731182795698925,0.433691756272401,0.59313725490196,,,,
Atmos Energy Corp.,ATO.N,North America,Regulated Utilities,,,False,0.00418410041841,-0.280334728033473,0.0655509065550905,0.23383084577114355,0.4481,0.1805,0.5039,0.3679
Bloom Energy Corp.,BE.N,North America,Clean Tech,Power Supply,Fuel Cells,True,0.31673107199084,-0.477601259481895,0.88922284242164,1.8618519628408743,0.0762,0.0,0.056100000000000004,0.0
CenterPoint Energy Inc,CNP.N,North America,Regulated Utilities,,,False,-0.129821260583255,-0.31796801505174,0.0348071495766697,0.10946745562130158,0.7823,0.09300000000000001,0.6657,0.26899999999999996
CMS Energy Corp,CMS.N,North America,Regulated Utilities,,,False,-0.0226739640344018,-0.218139171227521,0.172791243158718,0.7921146953405047,0.5231,0.0171,0.5468999999999999,0.12359999999999999
Consolidated Edison Inc,ED.N,North America,Regulated Utilities,,,False,-0.155821315511783,-0.454801266268027,-0.0239183960604995,-0.05259087393658162,,,,
Constellation Energy Corporation,CEG.O,North America,Diversified Utilities / IPPs,Power Supply,Behind Fence,True,-1.0,,,,,,,
Dominion Energy Inc,D.N,North America,Regulated Utilities,,,False,-0.0527740189445197,-0.353480679597053,0.0825439783491204,0.2335176520629519,0.2569,0.0096,0.3884,0.0774
DTE Energy Co.,DTE.N,North America,Regulated Utilities,,,False,-0.0133848489029943,-0.227266455084863,0.0694080309093419,0.30540376442015793,0.21539999999999998,0.0254,0.35259999999999997,0.1365
Duke Energy Corp,DUK.N,North America,Regulated Utilities,,,False,0.014040561622465,-0.266770670826833,0.138845553822153,0.5204678362573105,0.183,0.0161,0.3614,0.1286
Edison International,EIX.N,North America,Regulated Utilities,,,False,-0.146375594738315,-0.776098516652673,0.441365799048419,0.5686981608366393,0.7165,0.0005,0.5664,0.009899999999999999
Enphase Energy Inc,ENPH.O,North America,Clean Tech,,,False,-0.310186249712578,-0.655093124856289,0.379627500574845,0.5795015795015797,0.7748999999999999,0.0761,0.47409999999999997,0.1014
Entergy Corp,ETR.N,North America,Regulated Utilities,,,False,-0.133910726182545,-0.343294946226325,0.0564385647663463,0.1644025505960635,0.8245,0.1084,0.6859000000000001,0.2948
Eversource Energy,ES.N,North America,Regulated Utilities,,,False,,,,,,,,
EVgo Inc,EVGO.O,North America,Clean Tech,,,False,0.541095890410959,-0.657534246575342,1.73972602739726,2.645833333333335,,,,
Exelon Corp,EXC.O,North America,Regulated Utilities,,,False,0.051980198019802,-0.216171617161716,0.196369636963696,0.9083969465648845,0.096,0.0129,0.2851,0.1091
First Solar Inc,FSLR.O,North America,Clean Tech,,,False,0.218701528916464,-0.251052514956791,0.706182140483049,2.812886142983236,0.4523,0.0323,0.37479999999999997,0.0989
FirstEnergy Corp,FE.N,North America,Regulated Utilities,,,False,-0.00199600798403199,-0.241516966067864,0.177644710578842,0.7355371900826442,0.262,0.0169,0.3696,0.1012
Fluence Energy Inc,FLNC.O,North America,Clean Tech,,,False,-0.133261105092091,-0.729144095341278,0.895991332611051,1.2288261515601793,0.6843,0.07150000000000001,0.4225,0.0591
GE Vernova,GEV.N,North America,Clean Tech,Power Supply,Grid Infrastructure,True,0.0185381421964022,-0.485120865695087,0.504743620111453,1.0404492072058174,0.20489999999999997,0.0265,0.2597,0.09970000000000001
IDACORP Inc,IDA.N,North America,Regulated Utilities,,,False,0.00512962706224873,-0.188964369887703,0.164563981699709,0.870873074101247,,,,
"MGE Energy, Inc.",MGEE.O,North America,Diversified Utilities / IPPs,,,False,-0.119208494208494,-0.263996138996139,0.11003861003861,0.4168190127970748,,,,
NextEra Energy Inc,NEE.N,North America,Diversified Utilities / IPPs,Power Supply,Grid + Onsite Renewable Storage,True,0.108742004264392,-0.285714285714286,0.332622601279318,1.1641791044776117,0.0741,0.0039000000000000003,0.2311,0.0527
NRG Energy Inc,NRG.N,North America,Diversified Utilities / IPPs,,,False,-0.112271540469974,-0.466202494923121,0.346098056280824,0.7423771001866843,0.6751,0.039900000000000005,0.5246999999999999,0.13
ONE Gas Inc,OGS.N,North America,Regulated Utilities,,,False,-0.151557415155742,-0.256159925615993,0.0808926080892607,0.31578947368420957,,,,
PG&E Corp,PCG.N,North America,Regulated Utilities,,,False,0.156387665198238,-0.504405286343612,0.596916299559471,1.1834061135371179,0.0555,0.0007000000000000001,0.2184,0.0101
Pinnacle West Capital Corp,PNW.N,North America,Regulated Utilities,,,False,-0.104537679847067,-0.346010665056847,0.0564443102927861,0.16312881651642938,0.7517,0.0675,0.6351,0.15289999999999998
Plug Power Inc.,PLUG.O,North America,Clean Tech,,,False,-0.206349206349206,-0.735449735449735,2.17460317460317,2.956834532374096,,0.0,,0.0
PPL Corp,PPL.N,North America,Regulated Utilities,,,False,0.0576414595452142,-0.25965097831835,0.189846641988366,0.7311608961303467,0.14029999999999998,0.0126,0.3286,0.0882
Public Service Enterprise Group Inc,PEG.N,North America,Diversified Utilities / IPPs,Power Supply,Behind Fence,True,0.0651846706032186,-0.22426768553896,0.563042723167767,2.5105833763551937,0.0891,0.0009,0.24719999999999998,0.0088
Sempra,SRE.N,North America,Regulated Utilities,,,False,0.0234226630090737,-0.240346064570584,0.371597383414222,1.5460930640913098,0.3712,0.0036,0.44530000000000003,0.0426
Shoals Technologies Group,SHLS.O,North America,Clean Tech,,,False,-0.072265625,-0.609375,0.7578125,1.2435897435897436,,,,
Solaredge Technologies Inc,SEDG.O,North America,Clean Tech,,,False,-0.0712074303405573,-0.662257247396566,0.829439909935266,1.252443688907778,0.3283,0.0,0.20629999999999998,0.0
Southern Company,SO.N,North America,Regulated Utilities,,,False,-0.104791995787257,-0.389152185360716,0.0215903106898367,0.0554803788903923,0.8361,0.2852,0.6989,0.4108
Spire Inc,SR.N,North America,Regulated Utilities,,,False,0.0126306620209058,-0.22691637630662,0.143292682926829,0.6314779270633392,,,,
Sunrun Inc,RUN.O,North America,Clean Tech,,,False,0.100052383446831,-0.685699319015191,0.885804085908853,1.2918258212375866,0.2644,0.0,0.19219999999999998,0.0
Talen Energy Corp,TLN.O,North America,Diversified Utilities / IPPs,Power Supply,Behind Fence,True,0.255641093708521,-0.354924342978498,0.794531457393151,2.2385938668661147,,,,
Vistra Corp,VST.N,North America,Diversified Utilities / IPPs,Power Supply,Behind Fence,True,0.323692343576885,-0.160300892180302,1.0234416000933,6.384503455802113,0.08439999999999999,0.0,0.1588,0.0
Xcel Energy Inc,XEL.O,North America,Regulated Utilities,,,False,0.0295379335702903,-0.227846549822282,0.360460840789312,1.5820333512641196,0.3018,0.0014000000000000002,0.4228,0.0635
Asana Inc,ASAN.N,North America,Software,,,False,0.851851851851852,-0.0740740740740741,2.17460317460317,29.357142857142787,,,,
Box Inc,BOX.N,North America,Software,,,False,0.638637343682622,0.0780508840017249,1.32858990944373,-17.022099447513863,,,,
CCC Intelligent Solutions Holdings Inc,CCCS.O,North America,Software,,,False,,,,,,,,
Commerce.com Inc.,CMRC.O,North America,Software,,,False,0.444043321299639,-0.63898916967509,1.16606498194946,1.82485875706215,,,,
"Coursera, Inc.",COUR.N,North America,Software,,,False,,,,,,,,
DigitalOcean Holdings Inc,DOCN.N,North America,Software,Owners/Operators,Enterprises/Tier 2 Clouds,True,-0.178403755868545,-0.633215962441315,0.437793427230047,0.6913809082483777,0.4296,0.0038,0.33240000000000003,0.014199999999999999
Docebo Inc.,DCBO.O,North America,Software,,,False,0.477572559366755,-0.155672823218997,1.32189973614776,8.49152542372885,,,,
DocuSign Inc,DOCU.O,North America,Software,,,False,1.00803212851406,0.115573404730031,1.90049085229808,-16.444015444015466,0.0416,0.0,0.1534,0.0
Lightspeed POS Inc.,LSPD.N,North America,Software,,,False,0.50166852057842,-0.332591768631813,1.66963292547275,5.020066889632116,,,,
monday.com Ltd,MNDY.O,North America,Software,,,False,0.588836695219674,-0.171041724233214,1.48687482730036,8.693053311793198,,,,
Sabre Corp,SABR.O,North America,Software,,,False,1.36717517096265,-0.473961073119411,4.26038926880589,8.9889012208657,,,,
ServiceTitan Inc,TTAN.O,North America,Software,,,False,1.08798214854957,0.115715651896717,2.18775900541919,-18.906336088154205,,,,
"Toast, Inc.",TOST.N,North America,Software,,,False,0.866081229418222,-0.268203439443835,1.92718624222466,7.18553888130967,,,,
Udemy Inc,UDMY.O,North America,Software,,,False,,,,,,,,
Appen Ltd,APX.AX,Asia/Pacific,"Australia Media, Internet and Technology",,,False,-0.664516129032258,-0.870967741935484,-0.0322580645161291,-0.03703703703703711,,,,
Megaport Ltd,MP1.AX,Asia/Pacific,"Australia Media, Internet and Technology",,,False,0.0073260073260073,-0.67948717948718,0.648351648351648,0.9541778975741229,,,,
Pro Medicus Ltd,PME.AX,Asia/Pacific,"Australia Media, Internet and Technology",,,False,1.18323277230867,-0.364877738964751,1.77865989202922,4.874673629242828,,,,
Technology One Ltd.,TNE.AX,Asia/Pacific,"Australia Media, Internet and Technology",,,False,0.680478821362799,-0.30939226519337,1.07182320441989,3.4642857142857184,,,,
AGCO Corp,AGCO.N,North America,Machinery & Construction,,,False,-0.273969677557122,-0.380738842622251,0.103281372339668,0.2712656571321732,,,,
Allison Transmission Holdings Inc,ALSN.N,North America,Machinery & Construction,,,False,-0.0746243314373037,-0.482129213006197,0.298921810000849,0.6200035217467871,,,,
Caterpillar Inc,CAT.N,North America,Machinery & Construction,Power Supply,Generator or Wind and/or Grid Connection,True,-0.451046241281323,-0.58021183156807,-0.0700077499354173,-0.12065894924309906,0.9808,0.41229999999999994,0.8490000000000001,0.4318
CNH Industrial NV,CNH.N,North America,Machinery & Construction,,,False,0.176470588235294,-0.333333333333333,0.725490196078431,2.1764705882352953,,,,
Cummins Inc,CMI.N,North America,Machinery & Construction,Power Supply,Generator or Wind and/or Grid Connection,True,0.123109432455367,-0.401008302690471,0.331092660687842,0.8256503879507072,0.2685,0.0055000000000000005,0.38049999999999995,0.0789
Deere & Co.,DE.N,North America,Machinery & Construction,,,False,-0.0711868904663968,-0.378026935580176,0.111258541763418,0.29431379431379456,0.11939999999999999,0.0060999999999999995,0.31739999999999996,0.092
Donaldson Company Inc.,DCI.N,North America,Machinery & Construction,,,False,-0.150374566051526,-0.43358304403435,0.0597478530970219,0.13780025284450115,,,,
Kennametal Inc.,KMT.N,North America,Machinery & Construction,,,False,-0.0906794645112403,-0.494821924728467,0.262945188178833,0.5313935681470136,,,,
Lincoln Electric Holdings Inc,LECO.O,North America,Machinery & Construction,,,False,-0.182783982566058,-0.383682920185236,0.0453554889675838,0.11821086261980829,0.9186,0.0799,0.7779,0.2701
Martin Marietta Materials Inc,MLM.N,North America,Machinery & Construction,,,False,0.039978787968064,-0.282620864390301,0.178446218660696,0.6313978942979269,,,,
Oshkosh Corp,OSK.N,North America,Machinery & Construction,,,False,-0.158288519990648,-0.532382511105915,0.239186345569324,0.44927536231884035,,,,
PACCAR Inc,PCAR.O,North America,Machinery & Construction,,,False,-0.141732283464567,-0.31496062992126,0.18897637795275601,0.6000000000000001,0.9362,0.2644,0.7862,0.40490000000000004
REV Group Inc.,REVG.N,North America,Machinery & Construction,,,False,,,,,,,,
Terex Corp.,TEX.N,North America,Machinery & Construction,,,False,0.198902210024556,-0.34999277769753,0.473349703885599,1.3524556335121756,,,,
Timken Co,TKR.N,North America,Machinery & Construction,,,False,0.07566765578635,-0.332344213649852,0.353857566765579,1.0647321428571428,,,,
United Rentals Inc.,URI.N,North America,Machinery & Construction,,,False,0.167243580160309,-0.344503605230171,0.673240797175615,1.9542344026437894,,,,
Vulcan Materials Company,VMC.N,North America,Machinery & Construction,,,False,-0.0202960476117808,-0.417060888142835,0.107889516252098,0.25869008415660405,,,,
Westinghouse Air Brake Technologies Corp,WAB.N,North America,Machinery & Construction,,,False,0.230180426462548,-0.257986409435289,0.562133874873077,2.178928247048136,,,,
WillScot Holdings Corporation,WSC.O,North America,Machinery & Construction,,,False,-0.0286771507863091,-0.444958371877891,0.711378353376503,1.5987525987525977,,,,
ACM Research Inc,ACMR.O,Asia/Pacific,Greater China Technology Semiconductors,Semi Production,Semi Capital Equipment,True,-0.105490438001234,-0.691548426896977,0.418877236273905,0.6057091882247994,,,,
Advanced Micro-Fabrication Equipment Inc,688012.SS,Asia/Pacific,Greater China Technology Semiconductors,Semi Production,Semi Capital Equipment,True,0.161103047895501,-0.41944847605225,1.2322206095791,2.9377162629757754,,,,
Advanced Wireless Semiconductor Co,8086.TWO,Asia/Pacific,Greater China Technology Semiconductors,,,False,-0.234234234234234,-0.621621621621622,0.0810810810810811,0.1304347826086956,,,,
Alchip Technologies Ltd,3661.TW,Asia/Pacific,Greater China Technology Semiconductors,Semi Production,Semi Design Services,True,0.298224852071006,-0.455621301775148,0.517751479289941,1.1363636363636367,,,,
Andes Technology Corp,6533.TW,Asia/Pacific,Greater China Technology Semiconductors,Semi Production,Semi Design Services,True,1.69696264573991,,,,,,,
ASE Technology Holding Co. Ltd.,3711.TW,Asia/Pacific,Greater China Technology Semiconductors,Semi Production,OSAT,True,-0.0465444287729196,-0.393511988716502,0.128349788434415,0.32616487455197224,,,,
Global Unichip Corp,3443.TW,Asia/Pacific,Greater China Technology Semiconductors,Semi Production,Semi Design Services,True,0.328484848484848,-0.181818181818182,0.806060606060606,4.433333333333329,,,,
GlobalWafers Co Ltd,6488.TWO,Asia/Pacific,Greater China Technology Semiconductors,,,False,0.31986531986532,-0.326599326599327,0.683501683501684,2.0927835051546384,,,,
Gudeng Precision,3680.TWO,Asia/Pacific,Greater China Technology Semiconductors,Semi Production,Semi Capital Equipment,True,0.222929936305732,-0.388535031847134,0.528662420382166,1.3606557377049182,,,,
Hua Hong Semiconductor Ltd,1347.HK,Asia/Pacific,Greater China Technology Semiconductors,,,False,-0.399399399399399,-0.67967967967968,-0.189189189189189,-0.2783505154639171,,,,
King Yuan Electronics Co Ltd,2449.TW,Asia/Pacific,Greater China Technology Semiconductors,Semi Production,OSAT,True,0.110047846889952,-0.298245614035088,0.355661881977671,1.1925133689839547,,,,
Maxscend Microelectronics Co Ltd,300782.SZ,Asia/Pacific,Greater China Technology Semiconductors,,,False,-0.350912778904665,-0.594320486815416,0.0818120351588911,0.1376564277588167,,,,
MediaTek,2454.TW,Asia/Pacific,Greater China Technology Semiconductors,,,False,0.125606469002695,-0.425876010781671,0.544474393530997,1.2784810126582278,,,,
Nanya Technology Corp.,2408.TW,Asia/Pacific,Greater China Technology Semiconductors,,,False,0.251798561151079,-0.298561151079137,1.64388489208633,5.506024096385533,,,,
NAURA Technology Group Co Ltd,002371.SZ,Asia/Pacific,Greater China Technology Semiconductors,Semi Production,Semi Capital Equipment,False,0.131407882827285,-0.36641158561672,0.604542088373241,1.6498989445317764,,,,
OmniVision Integrated Circuits Group Inc,603501.SS,Asia/Pacific,Greater China Technology Semiconductors,,,False,0.122431359005353,-0.438784320497323,0.68364703850803,1.5580480125934693,,,,
Phison Electronics Corp,8299.TWO,Asia/Pacific,Greater China Technology Semiconductors,,,False,-0.460916442048518,-0.730458221024259,-0.258760107816712,-0.35424354243542483,,,,
SG Micro Corp.,300661.SZ,Asia/Pacific,Greater China Technology Semiconductors,,,False,0.136202243999432,-0.332481181650334,0.917341286749041,2.7590773173857297,,,,
Silergy Corp.,6415.TW,Asia/Pacific,Greater China Technology Semiconductors,,,False,-0.0785714285714286,-0.496428571428571,0.403571428571428,0.8129496402877694,,,,
SMIC,0981.HK,Asia/Pacific,Greater China Technology Semiconductors,Semi Production,Foundry,True,0.144492131616595,-0.213161659513591,0.859799713876967,4.033557046979862,,,,
TSMC,2330.TW,Asia/Pacific,Greater China Technology Semiconductors,Semi Production,Foundry,True,0.0903394255874674,-0.39686684073107,0.315926892950392,0.7960526315789493,,,,
UMC,2303.TW,Asia/Pacific,Greater China Technology Semiconductors,Semi Production,Foundry,True,-0.164012738853503,-0.570063694267516,0.194267515923567,0.3407821229050281,,,,
Vanguard International Semiconductor,5347.TWO,Asia/Pacific,Greater China Technology Semiconductors,Semi Production,Foundry,True,0.0317460317460319,-0.365079365079365,0.507936507936508,1.3913043478260874,,,,
WIN Semiconductors Corp,3105.TWO,Asia/Pacific,Greater China Technology Semiconductors,Semi Production,Foundry,True,-0.471544715447154,-0.695121951219512,0.0162601626016261,0.023391812865497203,,,,
DB Insurance Co Ltd,005830.KS,Asia/Pacific,S. Korea Financials,,,False,-0.176276771004942,-0.489291598023064,-0.0115321252059308,-0.023569023569023566,,,,
Doosan Enerbility,034020.KS,Asia/Pacific,S. Korea Industrials,Power Supply,Fuel Cells,True,0.137538779731127,-0.493278179937952,0.602895553257497,1.2222222222222225,,,,
Hanwha Life Insurance,088350.KS,Asia/Pacific,S. Korea Financials,,,False,-0.368530020703934,-0.523809523809524,0.00414078674948248,0.007905138339921096,,,,
Samsung Fire & Marine,000810.KS,Asia/Pacific,S. Korea Financials,,,False,-0.0697674418604651,-0.338103756708408,0.180679785330948,0.5343915343915339,,,,
Samsung Life Insurance,032830.KS,Asia/Pacific,S. Korea Financials,,,False,-0.197080291970803,-0.542579075425791,-0.00729927007299269,-0.013452914798206253,,,,
ASMPT Ltd,0522.HK,Asia/Pacific,Greater China Technology Semiconductors,Semi Production,Semi Capital Equipment,True,-0.031945788964182,-0.4675701839303,0.210067763794773,0.44927536231884174,,,,
China Resources Microelectronics Limited,688396.SS,Asia/Pacific,Greater China Technology Semiconductors,,,False,-0.330767943784507,-0.682114773297641,0.422118119457922,0.6188373804267843,,,,
Elan Microelectronics Corp,2458.TW,Asia/Pacific,Greater China Technology Semiconductors,,,False,0.218487394957983,-0.361344537815126,0.781512605042017,2.16279069767442,,,,
Empyrean Technology Co Ltd,301269.SZ,Asia/Pacific,Greater China Technology Semiconductors,Semi Production,Semi Design Services,True,0.0887058600776296,-0.365710498911294,0.486320174192938,1.32979549572871,,,,
Hangzhou Silan Microelectronics Co. Ltd.,600460.SS,Asia/Pacific,Greater China Technology Semiconductors,,,False,-0.370277078085642,-0.606423173803526,0.136649874055416,0.22533748701973083,,,,
JCET Group Co Ltd,600584.SS,Asia/Pacific,Greater China Technology Semiconductors,Semi Production,OSAT,True,0.0513765445480163,-0.29330153912855,0.723390418382831,2.466371027346635,,,,
Shanghai Anlogic Infotech Co Ltd,688107.SS,Asia/Pacific,Greater China Technology Semiconductors,,,False,0.0285714285714285,-0.326984126984127,0.917460317460317,2.805825242718445,,,,
Shanghai Fudan Microelectronics,1385.HK,Asia/Pacific,Greater China Technology Semiconductors,,,False,-0.0761718750000001,-0.57421875,0.29296875,0.5102040816326531,,,,
SICC Co Ltd,688234.SS,Asia/Pacific,Greater China Technology Semiconductors,,,False,-0.264576939938623,-0.455282770714599,0.144234984655853,0.3168030813673573,,,,
StarPower Semiconductor Ltd,603290.SS,Asia/Pacific,Greater China Technology Semiconductors,,,False,-0.00114155251141557,-0.54337899543379,0.341324200913242,0.6281512605042017,,,,
Unigroup Guoxin Microelectronics Co Ltd,002049.SZ,Asia/Pacific,Greater China Technology Semiconductors,,,False,-0.264421215640728,-0.612853271389857,0.290489095367144,0.47399452516319185,,,,
Universal Scientific Ind. (Shanghai),601231.SS,Asia/Pacific,Greater China Technology Semiconductors,,,False,-0.00987654320987652,-0.444444444444444,0.165432098765432,0.3722222222222224,,,,
Yangjie Technology,300373.SZ,Asia/Pacific,Greater China Technology Semiconductors,,,False,0.0273173009572729,-0.597244921783796,0.313331776791968,0.524628616106333,,,,
Aoi Electronics,6832.T,Japan,Mid Small Cap/Manufacturer,,,False,-0.1,-0.5,0.266666666666667,0.533333333333334,,,,
Asahi Diamond Industrial,6140.T,Japan,Mid Small Cap/Manufacturer,,,False,-0.229422066549912,-0.448336252189142,0.138353765323993,0.3085937499999999,,,,
Cosel,6905.T,Japan,Mid Small Cap/Manufacturer,Server Components,Power Supply,True,0.00840336134453779,-0.411764705882353,1.18487394957983,2.8775510204081582,,,,
Daihen,6622.T,Japan,Mid Small Cap/Manufacturer,,,False,-0.0600144613159798,-0.558929862617498,0.156905278380333,0.28072445019404996,,,,
Elecom,6750.T,Japan,Mid Small Cap/Manufacturer,,,False,0.260022909507446,-0.255441008018328,0.832760595647194,3.2600896860986515,,,,
eREX,9517.T,Japan,Mid Small Cap/Manufacturer,,,False,-0.00439238653001461,-0.341142020497804,0.610541727672035,1.789699570815449,,,,
Ferrotec,6890.T,Japan,Mid Small Cap/Manufacturer,Semi Production,Semi Capital Equipment,True,0.194267515923567,-0.585987261146497,0.592356687898089,1.0108695652173907,,,,
Fujibo Holdings,3104.T,Japan,Mid Small Cap/Manufacturer,,,False,0.0628019323671498,-0.516908212560387,0.352657004830918,0.6822429906542051,,,,
Fuso Chemical,4368.T,Japan,Mid Small Cap/Manufacturer,,,False,-0.00881057268722463,-0.614537444933921,0.211453744493392,0.34408602150537604,,,,
Giken,6289.T,Japan,Mid Small Cap/Manufacturer,,,False,-0.311531841652324,-0.526678141135972,-0.0533562822719449,-0.10130718954248372,,,,
Japan Material,6055.T,Japan,Mid Small Cap/Manufacturer,,,False,-0.0838958534233365,-0.55159112825458,0.108968177434908,0.19755244755244702,,,,
MEC,4971.T,Japan,Mid Small Cap/Manufacturer,,,False,-0.00887573964497046,-0.733727810650888,0.346153846153846,0.47177419354838657,,,,
Micronics Japan,6871.T,Japan,Mid Small Cap/Manufacturer,Semi Production,Semi Capital Equipment,True,-0.224489795918367,-0.66530612244898,0.142857142857143,0.21472392638036816,,,,
Mitsui High-tec,6966.T,Japan,Mid Small Cap/Manufacturer,,,False,0.100244498777506,-0.21760391198044,0.9559902200489,4.3932584269662955,,,,
Nissha,7915.T,Japan,Mid Small Cap/Manufacturer,,,False,0.0727969348659003,-0.448275862068966,0.839080459770115,1.8717948717948698,,,,
Nitto Boseki,3110.T,Japan,Mid Small Cap/Manufacturer,,,False,-0.156908665105386,-0.765807962529274,0.17096018735363,0.2232415902140673,,,,
Osaka Organic Chemical Industry,4187.T,Japan,Mid Small Cap/Manufacturer,,,False,0.148648648648649,-0.414414414414414,0.418918918918919,1.0108695652173925,,,,
Sanken Electric,6707.T,Japan,Mid Small Cap/Manufacturer,Server Components,Power Supply,True,-0.351126346718903,-0.485798237022527,0.83643486777669,1.7217741935483877,,,,
Sanyo Denki,6516.T,Japan,Mid Small Cap/Manufacturer,Server Components,Thermal Solution,True,-0.0937178166838311,-0.299691040164779,0.25643666323378,0.8556701030927837,,,,
Taiyo Holdings,4626.T,Japan,Mid Small Cap/Manufacturer,Semi Production,Semi Capital Equipment,True,-0.166364624864081,-0.438202247191011,0.250453062703878,0.5715467328370553,,,,
Tamura,6768.T,Japan,Mid Small Cap/Manufacturer,,,False,-0.0989660265878878,-0.409158050221566,0.477104874446086,1.1660649819494586,,,,
Tokyo Seimitsu,7729.T,Japan,Mid Small Cap/Manufacturer,Semi Production,Semi Capital Equipment,True,-0.0998766954377311,-0.69173859432799,0.066584463625154,0.09625668449197843,,,,
Towa,6315.T,Japan,Mid Small Cap/Manufacturer,Semi Production,Semi Capital Equipment,True,-0.0925589836660617,-0.673321234119782,0.306715063520871,0.4555256064690027,,,,
Toyo Gosei,4970.T,Japan,Mid Small Cap/Manufacturer,,,False,-0.0917516218721038,-0.657089898053753,0.297497683039852,0.45275035260930974,,,,
Tri Chemical Laboratories,4369.T,Japan,Mid Small Cap/Manufacturer,Semi Production,Semi Capital Equipment,True,0.131541725601132,-0.547383309759547,0.555869872701556,1.0155038759689932,,,,
West Holdings,1407.T,Japan,Mid Small Cap/Manufacturer,,,False,0.478112563956794,-0.482660602615122,0.989766913018761,2.050647820965844,,,,
ZACROS,7917.T,Japan,Mid Small Cap/Manufacturer,,,False,0.142857142857143,-0.285714285714286,0.714285714285714,2.4999999999999964,,,,
Acer Inc.,2353.TW,Asia/Pacific,Greater China Technology Hardware,,,False,-0.261992619926199,-0.571955719557196,0.247232472324723,0.43225806451612825,,,,
Asustek Computer Inc.,2357.TW,Asia/Pacific,Greater China Technology Hardware,,,False,-0.0439770554493308,-0.451242829827916,0.858508604206501,1.9025423728813553,,,,
Compal Electronics,2324.TW,Asia/Pacific,Greater China Technology Hardware,,,False,-0.34640522875817,-0.509803921568627,0.0784313725490196,0.153846153846154,,,,
Giga-Byte Technology Co. Ltd.,2376.TW,Asia/Pacific,Greater China Technology Hardware,Server,ODM / EMS,True,0.263616557734205,-0.328976034858388,0.830065359477124,2.523178807947018,,,,
Gold Circuit Electronics Ltd.,2368.TW,Asia/Pacific,Greater China Technology Hardware,Server Components,PCB,True,-0.0349819059107358,-0.408926417370326,0.381182147165259,0.932153392330382,,,,
Inspur Electronic Information,000977.SZ,Asia/Pacific,Greater China Technology Hardware,Internal Power/Cooling,Liquid Cooling,True,-0.13515995714067,-0.497933568039186,0.108219807133017,0.21733784199200726,,,,
Lenovo,0992.HK,Asia/Pacific,Greater China Technology Hardware,Server,ODM / EMS,True,0.053763440860215,-0.483870967741936,0.655913978494624,1.3555555555555547,0.3448,0.0058,0.3129,0.0264
Lotes Co. Ltd.,3533.TW,Asia/Pacific,Greater China Technology Hardware,Server Components,Passive Component,True,-0.148936170212766,-0.531914893617021,0.234042553191489,0.4399999999999995,,,,
Nan Ya PCB,8046.TW,Asia/Pacific,Greater China Technology Hardware,Server Components,PCB,True,-0.603365384615385,-0.798076923076923,-0.290865384615385,-0.36445783132530174,,,,
Pegatron Corporation,4938.TW,Asia/Pacific,Greater China Technology Hardware,Server,ODM / EMS,True,-0.177304964539007,-0.418439716312057,0.120567375886525,0.2881355932203392,,,,
Quanta Computer Inc.,2382.TW,Asia/Pacific,Greater China Technology Hardware,Server,ODM / EMS,True,0.153846153846154,-0.311188811188811,0.636363636363636,2.044943820224719,,,,
Shengyi Technology Co Ltd.,600183.SS,Asia/Pacific,Greater China Technology Hardware,,,False,-0.657587548638132,-0.803891050583658,-0.519066147859922,-0.6456921587608901,,,,
Shennan Circuits Co Ltd,002916.SZ,Asia/Pacific,Greater China Technology Hardware,Server Components,PCB,True,0.0,-0.404255319148936,0.382978723404255,0.9473684210526312,,,,
Unimicron,3037.TW,Asia/Pacific,Greater China Technology Hardware,Server Components,PCB,True,-0.672756330623306,,,,,,,
Wistron Corporation,3231.TW,Asia/Pacific,Greater China Technology Hardware,Server,ODM / EMS,True,0.634980988593156,-0.14828897338403,1.3041825095057,8.794871794871797,,,,
Wiwynn Corp,6669.TW,Asia/Pacific,Greater China Technology Hardware,Server,ODM / EMS,True,0.470588235294118,-0.140374331550802,0.877005347593583,6.247619047619054,,,,
Yageo Corp.,2327.TW,Asia/Pacific,Greater China Technology Hardware,Server Components,Passive Component,True,0.14453125,-0.42578125,0.71875,1.688073394495413,,,,
Zhen Ding,4958.TW,Asia/Pacific,Greater China Technology Hardware,Server Components,PCB,True,-0.185393258426966,-0.528089887640449,0.151685393258427,0.28723404255319185,,,,
Cellnex Telecom SA,CLNX.MC,Europe,Telecommunications Services,,,False,0.174496644295302,-0.36241610738255,1.01342281879195,2.7962962962963096,,,,
Deutsche Telekom,DTEGn.DE,Europe,Telecommunications Services,,,False,0.152562936002427,-0.287230815893236,0.364877161055505,1.2703273495248164,0.0038,0.0004,0.040999999999999995,0.008100000000000001
Emirates Telecommunications Group,EAND.AD,Europe,EEMEA - Telecoms,,,False,-0.0430622009569377,-0.330143540669856,0.291866028708134,0.884057971014494,,,,
Helios Towers Plc,HTWS.L,Europe,Telecommunications Services,,,False,0.171079429735234,-0.490835030549898,0.629327902240326,1.2821576763485483,,,,
Infrastrutture Wireless Italiane SpA,INWT.MI,Europe,Telecommunications Services,,,False,0.257861635220126,-0.0851915380217266,0.600914808461978,7.05369127516779,,,,
KPN,KPN.AS,Europe,Telecommunications Services,,,False,0.0296010296010296,-0.356499356499356,0.115401115401115,0.32370637785800177,,,,
Orange SA,ORAN.PA,Europe,Telecommunications Services,,,False,-0.103787221740387,-0.392888117953166,0.272043943336224,0.6924208977189095,,,,
Rai Way SpA,RWAY.MI,Europe,Telecommunications Services,,,False,0.140939597315436,-0.211409395973154,0.342281879194631,1.6190476190476224,,,,
Saudi Telecom Company SJSC (STC),7010.SE,Europe,EEMEA - Telecoms,,,False,0.09375,-0.330357142857143,0.428571428571429,1.297297297297298,,,,
Swisscom AG,SCMN.S,Europe,Telecommunications Services,,,False,0.0278372591006424,-0.357601713062099,0.213418986438258,0.596806387225547,,,,
Telefonica,TEF.MC,Europe,Telecommunications Services,,,False,0.355013550135501,-0.268292682926829,0.626016260162602,2.333333333333337,,,,
Vodafone Group,VOD.L,Europe,Telecommunications Services,,,False,-0.0805604203152366,-0.518388791593695,0.401050788091068,0.7736486486486485,,,,
LG Display,034220.KS,Asia/Pacific,S. Korea Technology,,,False,0.448275862068966,-0.137931034482759,0.681034482758621,4.9374999999999885,,,,
LG Electronics,066570.KS,Asia/Pacific,S. Korea Technology,,,False,-0.189419795221843,-0.488054607508532,0.0238907849829351,0.04895104895104888,,,,
LG Innotek,011070.KS,Asia/Pacific,S. Korea Technology,,,False,0.0927835051546391,-0.505154639175258,0.237113402061856,0.46938775510204117,,,,
Samsung Electro-Mechanics,009150.KS,Asia/Pacific,S. Korea Technology,,,False,-0.00161550888529882,-0.418416801292407,0.292407108239095,0.6988416988416982,,,,
Samsung Electronics,005930.KS,Asia/Pacific,S. Korea Technology,Semi Production,Foundry,True,0.158940397350993,-0.558498896247241,0.545253863134658,0.9762845849802366,,,,
Samsung SDI,006400.KS,Asia/Pacific,S. Korea Technology,,,False,-0.100133511348465,-0.599465954606142,0.335113484646195,0.5590200445434295,,,,
Seoul Semiconductor,046890.KQ,Asia/Pacific,S. Korea Technology,,,False,-0.0318118948824343,-0.239280774550484,0.106500691562932,0.44508670520231136,,,,
SK hynix,000660.KS,Asia/Pacific,S. Korea Technology,Semi Production,IDM (semi w/ fabs),True,0.25,-0.545454545454545,0.818181818181818,1.500000000000001,,,,
Advanced Info Service,ADVANC.BK,Asia/Pacific,ASEAN Telecoms and Media,,,False,-0.143222506393862,-0.424552429667519,0.0102301790281329,0.024096385542168468,,,,
Axiata Group Berhad,AXIA.KL,Asia/Pacific,ASEAN Telecoms and Media,,,False,0.478260869565218,0.0434782608695652,0.695652173913044,-16.000000000000018,,,,
Celcomdigi Berhad,CELC.KL,Asia/Pacific,ASEAN Telecoms and Media,,,False,-0.0382165605095541,-0.187898089171975,0.493630573248408,2.6271186440677914,,,,
Globe Telecom,GLO.PS,Asia/Pacific,ASEAN Telecoms and Media,,,False,0.517857142857143,-0.107142857142857,1.05357142857143,9.833333333333359,,,,
Inari Amertron Bhd,INAR.KL,Asia/Pacific,ASEAN Technology,,,False,0.125827814569536,-0.403973509933775,1.25165562913907,3.098360655737696,,,,
Indosat,ISAT.JK,Asia/Pacific,ASEAN Telecoms and Media,,,False,0.0201793721973094,-0.517937219730942,0.457399103139013,0.8831168831168817,,,,
Maxis Berhad,MXSC.KL,Asia/Pacific,ASEAN Telecoms and Media,,,False,-0.00523560209424079,-0.293193717277487,0.387434554973822,1.3214285714285712,,,,
PLDT,TEL.PS,Asia/Pacific,ASEAN Telecoms and Media,,,False,0.163636363636364,-0.418181818181818,0.454545454545455,1.086956521739132,,,,
Singapore Telecom,STEL.SI,Asia/Pacific,ASEAN Telecoms and Media,,,False,0.0330578512396695,-0.256198347107438,0.21900826446281,0.8548387096774197,,,,
ST Engineering,STEG.SI,Asia/Pacific,ASEAN Technology,,,False,0.143141153081511,-0.244532803180915,0.669980119284294,2.7398373983739774,,,,
Telekom Malaysia BHD,TLMM.KL,Asia/Pacific,ASEAN Telecoms and Media,,,False,0.0600255427841636,-0.361430395913155,0.328224776500639,0.9081272084805654,,,,
Telekomunikasi,TLKM.JK,Asia/Pacific,ASEAN Telecoms and Media,,,False,-0.072463768115942,-0.391304347826087,0.246376811594203,0.6296296296296299,,,,
True Corporation PCL,TRUE.BK,Asia/Pacific,ASEAN Telecoms and Media,,,False,0.128571428571429,-0.392857142857143,0.435714285714286,1.1090909090909093,,,,
Venture Corporation Ltd.,VENM.SI,Asia/Pacific,ASEAN Technology,,,False,-0.0920096852300242,-0.461259079903148,0.228813559322034,0.49606299212598415,,,,
XL Axiata,EXCL.JK,Asia/Pacific,ASEAN Telecoms and Media,,,False,-0.403508771929825,-0.684210526315789,0.192982456140351,0.28205128205128244,,,,
Beijing Kingsoft Office Software Inc,688111.SS,Asia/Pacific,Greater China IT Services and Software,,,False,-0.381671439729237,-0.570424368653996,0.291981254881541,0.5118667275216794,,,,
Bilibili Inc,BILI.O,Asia/Pacific,China Internet and Other Services,,,False,-0.150326797385621,-0.477124183006536,0.0784313725490196,0.1643835616438356,0.5375,0.17809999999999998,0.39659999999999995,0.2094
GDS Holdings Ltd,GDS.O,Asia/Pacific,Greater China Telecoms,Owners/Operators,DC REITs,True,0.387684301821336,-0.414570685169124,1.01647875108413,2.4518828451882886,0.0637,0.0,0.1085,0.0
Kingdee International Software Group,0268.HK,Asia/Pacific,Greater China IT Services and Software,,,False,0.272401433691756,-0.166666666666667,0.935483870967742,5.612903225806441,,,,
Kingsoft Corp Ltd,3888.HK,Asia/Pacific,Greater China IT Services and Software,,,False,0.185344827586207,-0.281609195402299,1.4066091954023,4.994897959183675,,,,
Kuaishou Technology,1024.HK,Asia/Pacific,China Internet and Other Services,,,False,0.067251461988304,-0.312865497076023,0.432748538011696,1.3831775700934599,0.47240000000000004,0.077,0.373,0.1353
"NetEase, Inc",NTES.O,Asia/Pacific,China Internet and Other Services,,,False,0.392919326755659,-0.0630959290274439,0.766022717850924,12.140604467805497,0.1707,0.0149,0.2896,0.0928
Sangfor Technologies Inc,300454.SZ,Asia/Pacific,Greater China IT Services and Software,,,False,-0.269674424953928,-0.617773530817009,0.126202989557027,0.20428681913600735,,,,
Tencent Music Entertainment Group,TME.N,Asia/Pacific,Greater China Media,,,False,0.577287066246057,0.0599369085173502,0.766561514195584,-12.789473684210524,0.0682,0.0063,0.17850000000000002,0.058499999999999996
Tongcheng Travel Holdings,0780.HK,Asia/Pacific,China Internet and Other Services,,,False,0.294642857142857,-0.241071428571428,0.741071428571429,3.0740740740740833,,,,
Trip.com Group Ltd,TCOM.O,Asia/Pacific,China Internet and Other Services,,,False,0.598383244534264,-0.0262722763182069,0.947455447363586,36.06293706293702,0.192,0.0184,0.3354,0.1358
Tuya Inc.,TUYA.N,Asia/Pacific,Greater China IT Services and Software,,,False,0.569506726457399,-0.327354260089686,1.42152466367713,4.3424657534246585,,,,
VenusTech,002439.SZ,Asia/Pacific,Greater China IT Services and Software,,,False,-0.563172043010753,-0.791666666666667,0.209677419354839,0.26485568760611233,,,,
Wangsu Science & Technology,300017.SZ,Asia/Pacific,Greater China IT Services and Software,,,False,-0.702486678507993,-0.773534635879218,-0.387211367673179,-0.5005740528128586,,,,
Yonyou Network Technology Co Ltd,600588.SS,Asia/Pacific,Greater China IT Services and Software,,,False,-0.486301369863014,-0.794520547945205,0.267123287671233,0.3362068965517245,,,,
Aboitiz Power Corporation,AP.PS,Asia/Pacific,ASEAN Utilities and Infrastructure,,,False,,,,,,,,
Airports of Thailand,AOT.BK,Asia/Pacific,ASEAN Utilities and Infrastructure,,,False,0.333333333333333,-0.164444444444444,0.6,3.6486486486486585,,,,
Alamtri Resources Indonesia,ADRO.JK,Asia/Pacific,ASEAN Energy and Materials,,,False,-0.33963963963964,-0.504504504504504,0.126126126126126,0.25,,,,
Bangchak Sriracha Public Company Limited,BSRC.BK,Asia/Pacific,ASEAN Energy and Materials,,,False,,,,,,,,
Bharat Petroleum Corp.,BPCL.NS,Asia/Pacific,India Oil & Gas,,,False,0.248166422189625,-0.0372049606614215,0.520202693692492,13.982078853046593,,,,
GAIL (India),GAIL.NS,Asia/Pacific,India Oil & Gas,Power Supply,Grid Infrastructure,True,0.423831070889894,-0.215686274509804,1.49773755656109,6.94405594405596,,,,
Global Power Synergy PCL,GPSC.BK,Asia/Pacific,ASEAN Utilities and Infrastructure,,,False,-0.172413793103448,-0.448275862068966,0.149425287356322,0.3333333333333333,,,,
Gujarat Gas Ltd,GGAS.NS,Asia/Pacific,India Oil & Gas,,,False,0.260848601735776,-0.156219864995178,0.928640308582449,5.944444444444456,,,,
Gujarat State Petronet Ltd,GSPT.NS,Asia/Pacific,India Oil & Gas,,,False,-0.0300838402104224,-0.33914187078744,1.02202860430709,3.0135724672806767,,,,
Gulf Development PCL,GULF.BK,Asia/Pacific,ASEAN Utilities and Infrastructure,Power Supply,Grid + Onsite Renewable Storage,True,0.126530612244898,-0.428571428571429,0.355102040816327,0.8285714285714288,,,,
Hindustan Petroleum,HPCL.NS,Asia/Pacific,India Oil & Gas,,,False,0.342872867363786,-0.110621904237755,0.602641717116126,5.447761194029833,,,,
Indian Oil Corp,IOC.NS,Asia/Pacific,India Oil & Gas,,,False,0.177407428473921,-0.146806211250782,0.558500654115238,3.804339403332044,,,,
Indorama Ventures PCL,IVL.BK,Asia/Pacific,ASEAN Energy and Materials,,,False,0.15948275862069,-0.267241379310345,0.724137931034483,2.709677419354838,,,,
Indraprastha Gas Ltd.,IGAS.NS,Asia/Pacific,India Oil & Gas,,,False,0.189026158575489,-0.240183284032249,0.635635983991648,2.646462207196327,,,,
IRPC PCL,IRPC.BK,Asia/Pacific,ASEAN Energy and Materials,,,False,,,,,,,,
Keppel Ltd,KPLM.SI,Asia/Pacific,ASEAN Energy and Materials,Power Supply,Grid + Onsite Renewable Storage,True,0.244167962674961,-0.300155520995334,0.399688958009331,1.3316062176165813,,,,
Mahanagar Gas Ltd,MGAS.NS,Asia/Pacific,India Oil & Gas,,,False,0.346396965865992,0.0411775329600865,0.759978327614231,-18.456140350877266,,,,
Manila Electric Company,MER.PS,Asia/Pacific,ASEAN Utilities and Infrastructure,,,False,0.00334448160535117,-0.493311036789298,0.17056856187291,0.34576271186440716,,,,
Oil & Natural Gas Corp.,ONGC.NS,Asia/Pacific,India Oil & Gas,,,False,0.099871252528968,-0.385690638219606,0.592790141622218,1.5369575584167872,,,,
Oil India Limited,OILI.NS,Asia/Pacific,India Oil & Gas,,,False,-0.020873681945341,-0.397460727350979,0.304067140090381,0.7650243638332437,,,,
Perusahaan Gas Negara,PGAS.JK,Asia/Pacific,ASEAN Utilities and Infrastructure,,,False,-0.287323943661972,-0.535211267605634,0.131455399061033,0.2456140350877195,,,,
Petronas Chemicals Group Berhad,PCGB.KL,Asia/Pacific,ASEAN Energy and Materials,,,False,0.253644314868805,0.0932944606413995,0.457725947521866,-4.906249999999997,,,,
Petronet LNG,PLNG.NS,Asia/Pacific,India Oil & Gas,,,False,0.152873756952638,-0.177481881004551,0.752907466711613,4.242165242165238,,,,
PTT Exploration & Production,PTTEP.BK,Asia/Pacific,ASEAN Energy and Materials,,,False,0.155555555555555,-0.111111111111111,0.481481481481481,4.333333333333334,,,,
PTT Global Chemicals,PTTGC.BK,Asia/Pacific,ASEAN Energy and Materials,,,False,0.0545454545454545,-0.272727272727273,0.272727272727273,1.0,,,,
PTT Oil and Retail Business PCL,OR.BK,Asia/Pacific,ASEAN Energy and Materials,,,False,-0.0352112676056338,-0.295774647887324,0.302816901408451,1.0238095238095246,,,,
PTT Public Company,PTT.BK,Asia/Pacific,ASEAN Energy and Materials,Power Supply,Grid Infrastructure,True,-0.0265734265734267,-0.300699300699301,0.258741258741259,0.8604651162790696,,,,
Reliance Industries,RELI.NS,Asia/Pacific,India Oil & Gas,Power Supply,Grid + Onsite Renewable Storage,True,0.267041461700632,-0.0372452565003514,0.57062543921293,15.320754716981108,,,,
SCG Packaging PCL,SCGP.BK,Asia/Pacific,ASEAN Energy and Materials,,,False,,,,,,,,
Seatrium Limited,SEAT.SI,Asia/Pacific,ASEAN Energy and Materials,,,False,-0.123222748815166,-0.497630331753554,0.355450236966825,0.7142857142857157,,,,
SembCorp Industries Ltd,SCIL.SI,Asia/Pacific,ASEAN Utilities and Infrastructure,Power Supply,Grid + Onsite Renewable Storage,True,0.111111111111111,-0.285714285714286,0.428571428571429,1.5,,,,
Siam Cement,SCC.BK,Asia/Pacific,ASEAN Energy and Materials,,,False,0.221719457013575,-0.194570135746606,0.425339366515837,2.18604651162791,,,,
Star Petroleum Refining,SPRC.BK,Asia/Pacific,ASEAN Energy and Materials,,,False,-0.27027027027027,-0.594594594594595,0.0135135135135136,0.022727272727272856,,,,
Tenaga Nasional,TENA.KL,Asia/Pacific,ASEAN Utilities and Infrastructure,Power Supply,Grid + Onsite Renewable Storage,True,0.0818307905686546,-0.306518723994452,0.59500693481276,1.941176470588236,,,,
Thai Oil Public Company,TOP.BK,Asia/Pacific,ASEAN Energy and Materials,,,False,-0.320388349514563,-0.611650485436893,-0.223300970873786,-0.3650793650793645,,,,
United Tractors Tbk PT,UNTR.JK,Asia/Pacific,ASEAN Energy and Materials,,,False,0.360544217687075,-0.285714285714286,0.63265306122449,2.214285714285713,,,,
Arista Networks,ANET.N,North America,Telecom & Networking Equipment,Network,Ethernet,True,0.165336535066036,-0.378487181298114,0.589095275090049,1.5564470983392442,0.2016,0.015700000000000002,0.2483,0.0616
Axon Enterprise Inc,AXON.O,North America,Telecom & Networking Equipment,,,False,0.659413037912817,-0.0481066865268694,1.19005283124258,24.737784228350264,0.282,0.031200000000000002,0.2912,0.09630000000000001
Check Point Software Technologies Ltd.,CHKP.O,North America,Software,,,False,0.148822020060648,-0.224399346862608,0.434569629111267,1.9365904365904372,,,,
Ciena Corporation,CIEN.N,North America,Telecom & Networking Equipment,Network,DCI (Routing/Optical),True,-0.299157673071861,-0.670966043695709,0.0232956041063437,0.034719497842291,0.6338,0.2155,0.4018,0.1805
Cisco Systems Inc,CSCO.O,North America,Telecom & Networking Equipment,Network,Cabling,True,0.184124918672739,-0.271307742355237,0.431359791802212,1.5899280575539592,0.048600000000000004,0.003,0.2139,0.053099999999999994
Coherent Corp,COHR.N,North America,Telecom & Networking Equipment,Network,Cabling,True,-0.0793168531050039,-0.539658426552502,0.311973484325369,0.5780943444510782,0.5272,0.1809,0.3224,0.15839999999999999
Corning Inc,GLW.N,North America,Telecom & Networking Equipment,,,False,-0.228233178480444,-0.640341675408362,0.071482092012588,0.1116311724783524,0.3099,0.019299999999999998,0.3308,0.0747
CrowdStrike Holdings Inc,CRWD.O,North America,Software,,,False,0.249883623498743,-0.290103342333116,0.559445116842007,1.9284338896020536,0.19079999999999997,0.023,0.27440000000000003,0.1008
CyberArk Software Ltd,CYBR.O,North America,Software,,,False,,,,,,,,
F5 Inc,FFIV.O,North America,Telecom & Networking Equipment,,,False,0.11342313729785,-0.269886467345672,0.496732741941372,1.8405248207764122,,,,
Five9 Inc,FIVN.O,North America,Software,,,False,0.552238805970149,-0.223880597014925,1.2089552238806,5.400000000000023,,,,
Fortinet Inc.,FTNT.O,North America,Software,,,False,-0.181860682561945,-0.462365591397849,0.110331930808789,0.2386248736097067,,,,
Gen Digital Inc.,GEN.O,North America,Software,,,False,0.349072512647555,-0.24114671163575,0.517706576728499,2.1468531468531498,,,,
Jamf Holding Corp,JAMF.O,North America,Software,,,False,,,,,,,,
Keysight Technologies Inc,KEYS.N,North America,Telecom & Networking Equipment,,,False,-0.0278788916962871,-0.460408547813798,0.199092115969338,0.4324248907078424,0.36560000000000004,0.035,0.4606,0.192
Lumentum Holdings Inc,LITE.O,North America,Telecom & Networking Equipment,Network,Cabling,True,-0.253651775242563,-0.658812240110886,0.0662117496534811,0.1005016993040944,0.6001,0.26239999999999997,0.359,0.1771
Motorola Solutions Inc,MSI.N,North America,Telecom & Networking Equipment,,,False,0.017844767844768,-0.376299376299376,0.169438669438669,0.4502762430939219,,,,
NICE Ltd.,NICE.O,North America,Software,,,False,0.545147271849348,-0.343312409464027,0.989377112506036,2.881856540084389,,,,
Nutanix Inc,NTNX.O,North America,IT Hardware,,,False,0.484674329501916,-0.377394636015326,1.82567049808429,4.837563451776642,,,,
"Okta, Inc.",OKTA.O,North America,Software,,,False,0.260600504240202,-0.243639697455879,0.558560623424249,2.292568203198493,,,,
Palo Alto Networks Inc,PANW.O,North America,Software,,,False,0.467505241090147,-0.101527403414196,0.77298592392932,7.6135693215339115,0.045899999999999996,0.004,0.16699999999999998,0.0473
Qualys Inc,QLYS.O,North America,Software,,,False,0.115241635687732,-0.0849299399485273,0.61090458488228,7.193041526374861,,,,
Rapid7 Inc,RPD.O,North America,Software,,,False,0.392757660167131,-0.303621169916435,1.0891364902507,3.5871559633027585,,,,
RingCentral Inc,RNG.N,North America,Software,,,False,-0.00629347466048369,-0.271281881417688,0.391189135475323,1.4420024420024422,,,,
SailPoint Inc,SAIL.O,North America,Software,,,False,0.57035175879397,0.00502512562814061,1.1356783919598,-226.0000000000044,,,,
"SentinelOne, Inc.",S.N,North America,Software,,,False,0.297764960346071,-0.206921413121846,0.586157173756309,2.8327526132404164,,,,
Tenable Holdings Inc,TENB.O,North America,Software,,,False,0.330376940133038,-0.157427937915743,0.818181818181818,5.197183098591541,,,,
Twilio Inc,TWLO.N,North America,Software,,,False,0.353982300884956,-0.283185840707965,0.787610619469026,2.7812499999999942,0.3127,0.003,0.3154,0.0158
"Varonis Systems, Inc.",VRNS.O,North America,Software,,,False,0.0646687697160884,-0.290220820189274,0.735015772870663,2.53260869565218,,,,
Zebra Technologies Corporation,ZBRA.O,North America,Telecom & Networking Equipment,,,False,0.22061824503061,-0.213967198246542,0.587181618925251,2.7442599788060766,,,,
Zoom Video Communications Inc,ZM.O,North America,Software,,,False,-0.00647948164146861,-0.330453563714903,0.23110151187905,0.6993464052287588,0.3212,0.04190000000000001,0.3925,0.16949999999999998
Zscaler Inc,ZS.O,North America,Software,,,False,0.716182759396804,0.0690974566734188,1.12131442718884,-16.228013029316028,,,,
Airtasker Ltd,ART.AX,Asia/Pacific,"Australia Media, Internet and Technology",,,False,-0.132075471698113,-0.584905660377359,1.49056603773585,2.548387096774193,,,,
ARN Media Limited,A1N.AX,Asia/Pacific,"Australia Media, Internet and Technology",,,False,0.111111111111111,-0.444444444444444,1.5,3.3750000000000036,,,,
Aussie Broadband Ltd,ABB.AX,Asia/Pacific,Australia Telecoms,,,False,0.212121212121212,-0.595959595959596,0.515151515151515,0.8644067796610166,,,,
CAR Group Limited,CAR.AX,Asia/Pacific,"Australia Media, Internet and Technology",,,False,0.483795392424834,-0.453338539632956,0.87426786411558,1.928509905254091,,,,
Hansen Technologies Ltd.,HSN.AX,Asia/Pacific,"Australia Media, Internet and Technology",,,False,0.5,-0.511363636363636,1.01136363636364,1.9777777777777863,,,,
Hipages Group Holdings Ltd,HPG.AX,Asia/Pacific,"Australia Media, Internet and Technology",,,False,0.419689119170985,-0.378238341968912,1.59067357512953,4.205479452054784,,,,
Infratil Ltd.,IFT.NZ,Asia/Pacific,"Australia Media, Internet and Technology",,,False,0.396648044692737,-0.301675977653631,0.86219739292365,2.8580246913580276,,,,
Macquarie Technology Group Limited,MAQ.AX,Asia/Pacific,"Australia Media, Internet and Technology",Owners/Operators,DC REITs,True,0.34302417443514,-0.288987201769632,0.896034128614315,3.1006014215418243,,,,
News Corporation,NWSA.O,Asia/Pacific,"Australia Media, Internet and Technology",,,False,0.426056338028169,-0.427816901408451,0.694542253521127,1.623456790123456,,,,
NEXTDC Ltd,NXT.AX,Asia/Pacific,"Australia Media, Internet and Technology",Owners/Operators,DC REITs,True,0.510791366906475,-0.424460431654676,1.15827338129496,2.7288135593220257,,,,
Nine Entertainment,NEC.AX,Asia/Pacific,"Australia Media, Internet and Technology",,,False,0.767441860465116,-0.255813953488372,1.69767441860465,6.636363636363634,,,,
Nuix Ltd,NXL.AX,Asia/Pacific,"Australia Media, Internet and Technology",,,False,2.11827956989247,-0.354838709677419,3.6594982078853,10.31313131313131,,,,
oOh!media Ltd,OML.AX,Asia/Pacific,"Australia Media, Internet and Technology",,,False,0.455399061032864,-0.342723004694836,1.11267605633803,3.2465753424657557,,,,
PEXA Group Ltd,PXA.AX,Asia/Pacific,"Australia Media, Internet and Technology",,,False,0.0667584308327598,-0.587061252580867,0.927047487955953,1.5791324736225087,,,,
REA Group Limited,REA.AX,Asia/Pacific,"Australia Media, Internet and Technology",,,False,0.539219307966999,-0.44588104913188,0.847063169560399,1.8997514498757264,,,,
SEEK Limited,SEK.AX,Asia/Pacific,"Australia Media, Internet and Technology",,,False,0.964933494558646,-0.0931076178960096,1.72067714631197,18.480519480519487,,,,
Seven West Media Ltd,SWM.AX,Asia/Pacific,"Australia Media, Internet and Technology",,,False,,,,,,,,
Sky Network Television Limited,SKT.NZ,Asia/Pacific,"Australia Media, Internet and Technology",,,False,-0.279874213836478,-0.622641509433962,0.257861635220126,0.41414141414141464,,,,
Southern Cross Media Group Limited,SXL.AX,Asia/Pacific,"Australia Media, Internet and Technology",,,False,-0.0151515151515151,-0.46969696969697,0.818181818181818,1.7419354838709662,,,,
Spark New Zealand Ltd,SPK.NZ,Asia/Pacific,Australia Telecoms,,,False,0.0280373831775702,-0.392523364485981,0.869158878504673,2.214285714285716,,,,
Telstra Corporation,TLS.AX,Asia/Pacific,Australia Telecoms,,,False,0.0,-0.474747474747475,0.252525252525253,0.531914893617022,,,,
TPG Telecom Ltd,TPG.AX,Asia/Pacific,Australia Telecoms,,,False,0.227154046997389,-0.477806788511749,1.088772845953,2.27868852459016,,,,
Tyro Payments Limited,TYR.AX,Asia/Pacific,"Australia Media, Internet and Technology",,,False,0.0309278350515465,-0.484536082474227,1.06185567010309,2.1914893617021205,,,,
WiseTech Global Limited,WTC.AX,Asia/Pacific,"Australia Media, Internet and Technology",,,False,1.74609209970427,0.267427122940431,3.2247570764681,-12.058451816745643,,0.0,,0.0
Xero Ltd,XRO.AX,Asia/Pacific,"Australia Media, Internet and Technology",,,False,1.86624203821656,0.0955414012738853,2.31210191082803,-24.20000000000006,,,,
"Clear Channel Outdoor Holdings, Inc.",CCO.N,North America,Media & Entertainment,,,False,,,,,,,,
Interpublic Group,IPG.N,North America,Media & Entertainment,,,False,,,,,,,,
Lamar Advertising Co.,LAMR.O,North America,Media & Entertainment,,,False,0.062296077092344,-0.165338796570301,0.138174368313226,0.8357044515832986,,,,
Omnicom Group Inc.,OMC.N,North America,Media & Entertainment,,,False,0.27536231884058,-0.347826086956522,0.739130434782609,2.124999999999999,0.2027,0.0025,0.3411,0.046
OUTFRONT MEDIA INC,OUT.N,North America,Media & Entertainment,,,False,0.118210862619808,-0.321086261980831,0.277955271565495,0.8656716417910432,,,,
Advanced Micro Devices,AMD.O,North America,Semiconductors,Processor,CPU,True,0.229982635539263,-0.324715415782365,1.0017364460737,3.084967320261434,0.1868,0.0,0.20629999999999998,0.0
Aeva Technologies Inc,AEVA.O,North America,Semiconductors,,,False,0.365979381443299,-0.580265095729013,2.53460972017673,4.368020304568529,,,,
Allegro Microsystems Inc,ALGM.O,North America,Semiconductors,,,False,0.2033978291647,0.014629542236904,0.651722510618216,-44.54838709677479,,,,
Ambarella Inc,AMBA.O,North America,Semiconductors,,,False,0.449932034435886,-0.486482404470624,1.05407038211751,2.166718410431552,,,,
Amkor Technology Inc,AMKR.O,North America,Semiconductors,,,False,-0.0522325189553495,-0.32603201347936,0.284751474304971,0.8733850129198973,0.9296,0.8134,0.6785,0.5475
Analog Devices Inc.,ADI.O,North America,Semiconductors,,,False,-0.0685256600415307,-0.26431326016019,0.183625037080985,0.6947250280583613,0.5047,0.0559,0.4692,0.18230000000000002
Astera Labs Inc,ALAB.O,North America,Semiconductors,,,False,0.623878750386638,-0.195793380760903,1.4512836374884,7.412322274881519,0.1628,0.0,0.12990000000000002,0.0
Broadcom Inc.,AVGO.O,North America,Semiconductors,Semi Production,IC Design,True,0.420795276317003,-0.105083494787342,0.820586154934342,7.80889669300556,0.0815,0.005699999999999999,0.1537,0.0281
GlobalFoundries Inc,GFS.O,North America,Semiconductors,Semi Production,Foundry,True,-0.0406205348030211,-0.489691773831394,0.449275362318841,0.9174656106711142,,,,
Intel Corporation,INTC.O,North America,Semiconductors,Processor,CPU,True,-0.123744389826886,-0.358837358409917,0.431929899551186,1.2036926742108383,0.5347999999999999,0.0645,0.3856,0.11359999999999999
IonQ Inc,IONQ.N,North America,Semiconductors,,,False,0.700381119906186,-0.824098504837291,1.93169158604515,2.344005691924585,,0.0,,0.0
Marvell Technology Group Ltd,MRVL.O,North America,Semiconductors,Semi Production,IC Design,True,0.424755120213713,-0.12224907772548,1.25162193105203,10.238293444328852,0.151,0.0,0.18760000000000002,0.0
Microchip Technology Inc.,MCHP.O,North America,Semiconductors,,,False,-0.121690427698574,-0.35081466395112,0.0947046843177188,0.26995645863570367,,,,
Micron Technology Inc.,MU.O,North America,Semiconductors,Network,Memory/Storage,True,0.0931351114997814,-0.475295146480105,0.457513481999708,0.9625881631401398,0.3978,0.201,0.2838,0.1782
Navitas Semiconductor Corp,NVTS.O,North America,Semiconductors,,,False,-0.493975903614458,-0.783132530120482,-0.253012048192771,-0.32307692307692293,,,,
NVIDIA Corp.,NVDA.O,North America,Semiconductors,Network,Ethernet,True,0.367540068924019,-0.179475958645588,0.805152890979706,4.486132276744905,0.0673,0.0018,0.16699999999999998,0.019799999999999998
NXP Semiconductor NV,NXPI.O,North America,Semiconductors,,,False,0.223254101378718,-0.0222149490651721,0.431902794256024,19.441988950276173,0.1564,0.0165,0.2648,0.09140000000000001
ON Semiconductor Corp.,ON.O,North America,Semiconductors,,,False,-0.11369616396621,-0.362969117850713,0.149425287356322,0.4116749332315916,0.6457999999999999,0.2132,0.4902,0.2699
Qorvo Inc,QRVO.O,North America,Semiconductors,,,False,-0.00521080056845091,-0.526290857413548,0.302700142112743,0.5751575157515757,,,,
Qualcomm Inc.,QCOM.O,North America,Semiconductors,Semi Production,IC Design,True,-0.0618336886993602,-0.516702203269367,0.25088841506752,0.4855570839064663,,,,
SanDisk Corporation.,SNDK.O,North America,Semiconductors,Network,Memory/Storage,True,0.101251276813075,-0.441394279877426,0.396514300306435,0.8983222447208558,,,,
Semtech Corp.,SMTC.O,North America,Semiconductors,,,False,-0.230901681685129,-0.540836824886644,0.446364001607071,0.8253210230287594,,,,
Silicon Laboratories Inc.,SLAB.O,North America,Semiconductors,,,False,0.114488348530902,-0.599556134510542,0.278525594635017,0.4645529894584369,,,,
Skyworks Solutions Inc,SWKS.O,North America,Semiconductors,,,False,0.111111111111111,-0.516908212560387,0.578099838969404,1.1183800623052944,,,,
Texas Instruments,TXN.O,North America,Semiconductors,,,False,-0.204103289706403,-0.363282631765122,-0.044923947647683,-0.12366114897760455,0.7116,0.2237,0.5665,0.3165
"Wolfspeed, INC",WOLF.N,North America,Semiconductors,,,False,-1.0,-0.971815107102593,-0.379932356257046,-0.39095127610208796,,,,
Airbnb Inc,ABNB.O,North America,Internet,,,False,-0.0111248454882571,-0.299546765554182,0.318500206015657,1.0632737276478677,0.8167,0.061399999999999996,0.6544,0.221
Alphabet Inc.,GOOGL.O,North America,Internet,Owners/Operators,Hyperscalers,True,0.079419076278948,-0.345806620437001,0.357451262593222,1.033673855467271,0.3933,0.037200000000000004,0.41409999999999997,0.1629
Amazon.com Inc,AMZN.O,North America,Internet,Owners/Operators,Hyperscalers,True,0.509130237939534,-0.0693696866039539,0.76065194426279,10.96519216823786,0.039,0.0044,0.1815,0.0641
Booking Holdings Inc,BKNG.O,North America,Internet,,,False,0.485291986668599,0.0626479254214365,0.714727334202772,-11.408635312259051,,,,
DoorDash Inc,DASH.O,North America,Internet,,,False,0.871024073843083,0.184981913433953,1.2452288886117,-6.731625084288598,0.0888,0.013500000000000002,0.2022,0.0745
Expedia Inc.,EXPE.O,North America,Internet,,,False,0.269572577232332,-0.177128885127192,0.763295246156017,4.309264666843655,,,,
Instacart,CART.O,North America,Internet,,,False,0.322314049586777,-0.173553719008264,0.790633608815427,4.555555555555568,,,,
Lyft Inc,LYFT.O,North America,Internet,,,False,0.281085154483798,-0.171062547098719,0.883948756593821,5.167400881057269,,,,
Meta Platforms Inc,META.O,North America,Internet,Owners/Operators,Hyperscalers,True,0.289525923378714,-0.218469137346234,0.719367897838286,3.292766688130499,0.2144,0.0068000000000000005,0.315,0.0719
Nextdoor Holdings Inc,NXDR.N,North America,Internet,,,False,,,,,,,,
Pinterest Inc,PINS.N,North America,Internet,,,False,1.26977950713359,-0.0272373540856031,1.91828793774319,70.42857142857144,0.21289999999999998,0.011699999999999999,0.2645,0.048
Reddit Inc,RDDT.N,North America,Internet,,,False,0.718582169709989,-0.283924095954171,1.5062656641604,5.305170239596468,0.46049999999999996,0.0348,0.30920000000000003,0.0542
Snap Inc.,SNAP.N,North America,Internet,,,False,0.966873706004141,-0.0683229813664596,3.1407867494824,45.96969696969696,0.48469999999999996,0.0,0.3346,0.0
Uber Technologies Inc,UBER.N,North America,Internet,,,False,0.428775539362766,0.000142877553936271,0.714530647235319,-5001.000000000194,0.0731,0.0073,0.1938,0.055
Asia Vital Components Co. Ltd.,3017.TW,Asia/Pacific,Greater China Technology Hardware,Internal Power/Cooling,Liquid Cooling,True,0.121495327102804,-0.325856697819315,0.568847352024922,1.7456978967495198,,,,
Auras Technology Co Ltd,3324.TWO,Asia/Pacific,Greater China Technology Hardware,Internal Power/Cooling,Liquid Cooling,True,0.000938967136150159,-0.435680751173709,0.383098591549296,0.8793103448275865,,,,
Catcher Technology,2474.TW,Asia/Pacific,Greater China Technology Hardware,,,False,-0.168831168831169,-0.444155844155844,0.387012987012987,0.8713450292397662,,,,
Delta Electronics Inc.,2308.TW,Asia/Pacific,Greater China Technology Hardware,Server Components,Power Supply,True,0.3,-0.365079365079365,0.58968253968254,1.615217391304349,,,,
Fositek Corp,6805.TW,Asia/Pacific,Greater China Technology Hardware,,,False,0.16504854368932,-0.403236245954693,0.44336569579288,1.099518459069019,,,,
Foxconn Industrial Internet Co. Ltd.,601138.SS,Asia/Pacific,Greater China Technology Hardware,Server,ODM / EMS,True,0.497716894977169,-0.19634703196347,1.24657534246575,6.348837209302318,,,,
Foxconn Technology,2354.TW,Asia/Pacific,Greater China Technology Hardware,,,False,-0.0800681431005111,-0.628620102214651,0.492333901192504,0.783197831978319,,,,
GoerTek Inc,002241.SZ,Asia/Pacific,Greater China Technology Hardware,,,False,-0.365443425076453,-0.644495412844037,0.00152905198776754,0.0023724792408065737,,,,
Hon Hai Precision,2317.TW,Asia/Pacific,Greater China Technology Hardware,Server,ODM / EMS,True,0.39647577092511,-0.436123348017621,0.955947136563877,2.1919191919191934,,,,
iFlytek Co Ltd,002230.SZ,Asia/Pacific,Greater China IT Services and Software,,,False,-0.215686274509804,-0.632352941176471,0.411064425770308,0.650055370985603,,,,
LandMark Optoelectronics Corporation,3081.TWO,Asia/Pacific,Greater China Technology Hardware,,,False,-0.00368663594470042,-0.456221198156682,0.842396313364055,1.846464646464646,,,,
Lingyi Itech Guangdong Co,002600.SZ,Asia/Pacific,Greater China Technology Hardware,,,False,-0.200779727095517,-0.532163742690059,0.143599740090968,0.26984126984126927,,,,
Lite-On Technology,2301.TW,Asia/Pacific,Greater China Technology Hardware,Server Components,Power Supply,True,-0.052924791086351,-0.381615598885794,0.32033426183844,0.83941605839416,,,,
"Luxshare Precision Industry Co., Ltd.",002475.SZ,Asia/Pacific,Greater China Technology Hardware,Server Components,Passive Component,True,0.515748031496063,-0.0964566929133858,0.874015748031496,9.06122448979592,,,,
Sunonwealth Electric Machine Industry Co,2421.TW,Asia/Pacific,Greater China Technology Hardware,Server Components,Thermal Solution,True,0.211072664359861,-0.273356401384083,0.737024221453287,2.6962025316455693,,,,
Tong Hsing,6271.TW,Asia/Pacific,Greater China Technology Hardware,Semi Production,OSAT,True,-0.241830065359477,-0.594771241830065,0.124183006535948,0.2087912087912094,,,,
Visual Photonics Epitaxy Co Ltd,2455.TW,Asia/Pacific,Greater China Technology Hardware,,,False,-0.177777777777778,-0.511111111111111,0.405555555555555,0.7934782608695644,,,,
Arm Holdings plc,ARM.O,Europe,Semiconductors,Semi Production,Semi Design Services,True,0.0775862068965518,-0.640804597701149,1.39463601532567,2.1763826606875942,0.0254,0.0,0.069,0.0
ASML Holding NV,ASML.AS,Europe,Technology - European Semiconductors,Semi Production,Semi Capital Equipment,True,0.171548117154812,-0.665271966527197,0.673640167364017,1.012578616352201,0.5659000000000001,0.059500000000000004,0.4667,0.14550000000000002
Cadence Design Systems Inc,CDNS.O,Europe,Semiconductors,Semi Production,Semi Design Services,True,0.28564749883123,-0.432311494022574,0.502704868763775,1.1628302178279009,0.1188,0.0174,0.25129999999999997,0.1168
Infineon Technologies AG,IFXGn.DE,Europe,Technology - European Semiconductors,Semi Production,IDM (semi w/ fabs),True,0.249566122874002,-0.583477959041999,1.22145088510934,2.093396787626419,0.5859000000000001,0.0012,0.49770000000000003,0.0109
STMicroelectronics NV,STMPA.PA,Europe,Technology - European Semiconductors,Semi Production,IDM (semi w/ fabs),True,-0.138240574506284,-0.712746858168761,0.723518850987433,1.0151133501259453,,,,
Synopsys Inc.,SNPS.O,Europe,Semiconductors,Semi Production,Semi Design Services,True,0.258322084696516,-0.542428332837631,1.28785833581185,2.3742460668944334,0.3383,0.0,0.3601,0.0
3M Co.,MMM.N,North America,Multi-Industry,,,False,-0.0396927016645326,-0.272494470957979,0.280409731113957,1.0290474156343472,,,,
Acuity Inc.,AYI.N,North America,Multi-Industry,,,False,0.342062193126023,-0.214402618657938,0.734860883797054,3.4274809160305315,,,,
Allegion Public Limited Company,ALLE.N,North America,Multi-Industry,,,False,-0.0807799442896936,-0.331476323119777,0.225626740947075,0.6806722689075627,,,,
Ametek Inc.,AME.N,North America,Multi-Industry,,,True,-0.0642409470752089,-0.39066852367688,0.0880919220055711,0.22549019607843168,,,,
Carrier Global Corp.,CARR.N,North America,Multi-Industry,Internal Power/Cooling,Liquid Cooling,True,-0.159021406727829,-0.403669724770642,0.17737003058104,0.4393939393939402,0.2401,0.0034000000000000002,0.3398,0.0461
Dover Corp,DOV.N,North America,Multi-Industry,,,False,-0.0933816863100635,-0.283339809178431,0.165652117601347,0.5846411701965568,,,,
Eaton Corporation PLC,ETN.N,North America,Multi-Industry,Internal Power/Cooling,Uninterruptible Power Supply,True,0.0918432883750804,-0.254977520873475,0.412973667308927,1.6196473551637236,0.0481,0.001,0.20879999999999999,0.0265
Emerson Electric Co,EMR.N,North America,Multi-Industry,,,True,-0.156146627961925,-0.32491730236954,0.113886451090259,0.3505090380220254,0.9473999999999999,0.3361,0.8051,0.4404
Fastenal Co.,FAST.O,North America,Multi-Industry,,,False,-0.0303813833225597,-0.245852187028658,0.185089420383538,0.7528483786152486,,,,
Fortive Corp,FTV.N,North America,Multi-Industry,,,False,-0.0685413005272407,-0.349736379613357,0.335676625659051,0.9597989949748738,,,,
Gates Industrial Corporation PLC,GTES.N,North America,Multi-Industry,,,False,-0.106185198426886,-0.463711119056131,0.179835538076511,0.38781804163454275,,,,
Honeywell International Inc,HON.O,North America,Multi-Industry,Internal Power/Cooling,Power Electronics,True,-0.0264313530532769,-0.275002071422653,0.0771397796006297,0.2805061765592046,0.08689999999999999,0.0137,0.2669,0.13019999999999998
Hubbell Inc.,HUBB.N,North America,Multi-Industry,Internal Power/Cooling,Power Electronics,True,-0.0174005952835229,-0.313134396703045,0.144776005494925,0.4623446258835006,,,,
Ingersoll Rand INC,IR.N,North America,Multi-Industry,,,False,-0.167681688997158,-0.390986601705237,0.0150223304912709,0.038421599169263,,,,
Johnson Controls International Plc,JCI.N,North America,Multi-Industry,Internal Power/Cooling,Power Electronics,True,-0.0663602413099684,-0.389543234702672,0.1490950876185,0.38274336283185695,0.2602,0.008199999999999999,0.3858,0.115
Lennox International Inc,LII.N,North America,Multi-Industry,,,False,-0.205858995852819,-0.426453719227036,0.270625606635489,0.6345954893440922,,,,
Otis Worldwide Corp,OTIS.N,North America,Multi-Industry,,,False,0.0686852944450629,-0.243014583101414,0.335856618056329,1.382043060009162,,,,
Parker-Hannifin Corp,PH.N,North America,Multi-Industry,Internal Power/Cooling,Liquid Cooling,True,-0.0566508609932618,-0.286249064137759,0.207886199151485,0.7262423714036619,,,,
QXO Inc,QXO.N,North America,Multi-Industry,,,False,0.292944218692279,-0.519763575914296,0.810121906169191,1.5586353944562907,,,,
Ralliant Corporation,RAL.N,North America,Multi-Industry,,,False,0.0197144799456153,-0.297530024926354,0.314298663041015,1.0563594821020557,,,,
Rockwell Automation,ROK.N,North America,Multi-Industry,,,False,0.166417323832949,-0.251971498846261,0.470700103963283,1.8680688336520075,0.3791,0.0175,0.41479999999999995,0.14980000000000002
Stanley Black & Decker Inc,SWK.N,North America,Multi-Industry,,,False,-0.121458379090709,-0.483856797715792,0.16406764770481,0.3390830685428959,,,,
Trane Technologies PLC,TT.N,North America,Multi-Industry,Internal Power/Cooling,Liquid Cooling,True,0.149869967975584,-0.279987963977905,0.39703827884884,1.4180548092423428,0.001,0.0,0.0827,0.0055000000000000005
Vertiv Holdings Co.,VRT.N,North America,Multi-Industry,Internal Power/Cooling,Uninterruptible Power Supply,True,0.215196350147103,-0.360422973606788,0.556304097556816,1.5434756891044608,0.2889,0.0255,0.2525,0.056100000000000004
W.W. Grainger Inc.,GWW.N,North America,Multi-Industry,,,False,-0.0277704124021142,-0.328277739477824,0.122483251135741,0.37310861019869745,,,,
Watsco Inc,WSO.N,North America,Multi-Industry,,,False,-0.114663093415008,-0.330015313935682,0.196401225114855,0.5951276102088172,,,,
JEOL,6951.T,Japan,Semiconductor Production Equipment,Semi Production,Semi Capital Equipment,True,-0.285825182425089,-0.642912591212545,0.0557366868498681,0.08669403525718432,,,,
Ebara,6361.T,Japan,Conglomerates,,,False,0.046553590761458,-0.476723204619271,0.335258029592205,0.7032551097653295,,,,
Fuji Electric,6504.T,Japan,Conglomerates,Internal Power/Cooling,Power Electronics,True,,,,,,,,
Hitachi,6501.T,Japan,Conglomerates,,,False,,,,,,,,
IHI,7013.T,Japan,Conglomerates,,,False,,,,,,,,
Kawasaki Heavy Industries,7012.T,Japan,Conglomerates,,,False,,,,,,,,
Mitsubishi Electric,6503.T,Japan,Conglomerates,Internal Power/Cooling,Power Electronics,True,,,,,,,,
Mitsubishi Heavy Industries,7011.T,Japan,Conglomerates,,,False,,,,,,,,
Yamaha Motor,7272.T,Japan,General Machinery,,,False,-0.0376904570970329,-0.358460304731355,0.443464314354451,1.2371364653243866,,,,
Advantest,6857.T,Japan,Semiconductor Production Equipment,Semi Production,Semi Capital Equipment,True,0.1196118678858,-0.585743608882254,0.444299309572681,0.7585218222363804,,,,
DISCO,6146.T,Japan,Semiconductor Production Equipment,Semi Production,Semi Capital Equipment,True,0.0805911879531511,-0.609592861126603,0.1781929726715,0.2923147301006402,,,,
KOKUSAI ELECTRIC,6525.T,Japan,Semiconductor Production Equipment,Semi Production,Semi Capital Equipment,True,0.0920698924731183,-0.462365591397849,0.646505376344086,1.3982558139534897,,,,
Lasertec,6920.T,Japan,Semiconductor Production Equipment,Semi Production,Semi Capital Equipment,True,-0.490529065969954,-0.725669497060745,0.6263879817113,0.8631863186318629,,,,
Nikon,7731.T,Japan,Semiconductor Production Equipment,Semi Production,Semi Capital Equipment,True,-0.433281813498197,-0.58784131890778,0.0303967027305512,0.05170902716914972,,,,
SCREEN Holdings,7735.T,Japan,Semiconductor Production Equipment,Semi Production,Semi Capital Equipment,True,0.338360037700283,-0.542884071630537,0.748350612629595,1.3784722222222234,,,,
Tokyo Electron,8035.T,Japan,Semiconductor Production Equipment,Semi Production,Semi Capital Equipment,True,0.162514827995255,-0.61091340450771,0.404507710557533,0.6621359223300982,,,,
Ulvac,6728.T,Japan,Semiconductor Production Equipment,Semi Production,Semi Capital Equipment,True,-0.195630585898709,-0.543197616683218,0.449851042701092,0.8281535648994501,,,,
Ushio,6925.T,Japan,Semiconductor Production Equipment,Semi Production,Semi Capital Equipment,True,0.0305851063829787,-0.56781914893617,0.429521276595745,0.7564402810304458,,,,
Adobe Inc.,ADBE.O,North America,Software,,,False,0.610031442967004,-0.204455051710422,1.6139334015229,7.8938299055030425,0.0739,0.0,0.2023,0.0
Atlassian Corporation PLC,TEAM.O,North America,Software,,,False,2.43683337283717,0.659160938611045,3.26641384214269,-4.955411722402019,,0.0,,0.0
Cloudflare Inc,NET.N,North America,Software,,,False,0.25095736533061,-0.28516721981108,0.659433239724279,2.3124440465532676,0.1188,0.0023,0.1912,0.0137
CoreWeave,CRWV.O,North America,Software,Owners/Operators,Neo-cloud,True,0.0308204914618908,-0.666805497709288,1.1865889212828,1.7795128044971906,,,,
Intuit,INTU.O,North America,Software,,,False,1.20330495743615,0.439659489233851,1.62894341512268,-3.705011389521629,0.0183,0.0033,0.1394,0.051399999999999994
Microsoft,MSFT.O,North America,Software,Owners/Operators,Hyperscalers,True,0.619655138044453,-0.227549088009568,1.14292833648958,5.022777047744186,0.005600000000000001,0.0,0.1035,0.0038
Oracle Corporation,ORCL.N,North America,Software,Owners/Operators,Enterprises/Tier 2 Clouds,True,0.330086174597227,-0.269389284376171,0.586112151867116,2.1757070004636048,0.013300000000000001,0.0,0.0446,0.0
"Salesforce, Inc.",CRM.N,North America,Software,Owners/Operators,Enterprises/Tier 2 Clouds,True,1.09782837866329,0.159603626396795,1.89900906599199,-11.898282694848115,0.0064,0.0,0.0583,0.0
Samsara Inc,IOT.N,North America,Software,,,False,0.939970717423133,0.134699853587116,1.3792093704246,-10.239130434782602,0.030299999999999997,0.0008,0.0872,0.0046
ServiceNow Inc,NOW.N,North America,Software,,,False,0.961150541651102,-0.0661187896899514,1.66156144938364,25.129943502824897,,,,
Shopify Inc,SHOP.O,North America,Software,,,False,0.703637976929902,-0.139307897071872,1.59094942324756,11.420382165605115,,,,
Workday Inc,WDAY.O,North America,Software,,,False,0.938789641323917,0.315607256612658,1.45810829524997,-4.620008775778858,0.042,0.0016,0.17190000000000003,0.029500000000000002
Adyen NV,ADYEN.AS,Europe,Technology - Payments,,,False,0.835511982570806,-0.112200435729848,1.49455337690632,13.32038834951452,,,,
Amadeus IT Holdings S.A.,AMA.MC,Europe,Technology - Software & Services,,,False,0.752511220346228,0.143406710835649,1.67151100662535,-11.655737704918025,0.0109,0.0,0.09630000000000001,0.0
Capgemini,CAPP.PA,Europe,Technology - Software & Services,,,False,0.396263520157325,-0.016715830875123,0.907571288102262,54.294117647058556,,,,
Computacenter PLC,CCC.L,Europe,Technology - Software & Services,,,False,0.173749143248801,-0.211788896504455,0.465044551062372,2.195792880258903,,,,
Dassault Systemes SA,DAST.PA,Europe,Technology - Software & Services,,,False,0.770050125313283,0.159147869674185,1.34962406015038,-8.48031496062997,,,,
HBX Group International PLC,HBX.MC,Europe,Technology - Software & Services,,,False,0.808785529715762,-0.134366925064599,1.24806201550388,9.288461538461602,,,,
Hexagon AB,HEXAb.ST,Europe,Technology - Software & Services,,,False,,,,,,,,
Indra,IDR.MC,Europe,Technology - Software & Services,,,False,0.135288552507095,-0.337748344370861,0.400189214758751,1.1848739495798313,,,,
Nexi SpA,NEXII.MI,Europe,Technology - Payments,,,False,0.247569669475049,-0.222294232015554,1.38172391445237,6.215743440233259,,,,
Sage,SGE.L,Europe,Technology - Software & Services,,,False,0.776198934280639,0.0784064958132453,0.985536665820858,-12.569579288025906,0.0,0.0,0.0705,0.011699999999999999
SAP SE,SAPG.DE,Europe,Technology - Software & Services,Owners/Operators,Enterprises/Tier 2 Clouds,True,0.42551674982181,-0.168448562603944,0.781895937277263,4.641748942172072,0.006,0.0001,0.051399999999999994,0.0014000000000000002
Softcat PLC,SCTS.L,Europe,Technology - Software & Services,,,False,0.452914798206278,-0.0224215246636771,0.955156950672646,42.60000000000007,,,,
Softwareone Holding AG,SWON.S,Europe,Technology - Software & Services,,,False,0.137508999280058,-0.193664506839453,0.879049676025918,4.539033457249068,,,,
Temenos Group AG,TEMN.S,Europe,Technology - Software & Services,,,False,0.00478468899521522,-0.346092503987241,0.594896331738437,1.718894009216589,,,,
Trustpilot,TRST.L,Europe,Technology - Software & Services,,,False,1.06766917293233,-0.24812030075188,1.78195488721805,7.181818181818193,,,,
W.A.G. payments solutions PLC,EWGW.L,Europe,Technology - Payments,,,False,0.101694915254237,-0.449152542372881,0.457627118644068,1.0188679245283032,,,,
Wise PLC,WISEa.L,Europe,Technology - Payments,,,False,0.408199643493761,-0.102792632204397,1.07961972667855,10.502890173410394,,,,
Worldline SA,WLN.PA,Europe,Technology - Payments,,,False,,,,,,,,
"Apple, Inc.",AAPL.O,North America,IT Hardware,,,False,0.231527093596059,-0.241535694737665,0.618578465869106,2.561022984784721,0.0509,0.0003,0.2521,0.0222
CDW Corporation,CDW.O,North America,IT Hardware,,,False,0.11934415891534,-0.259025697619423,0.497714015450103,1.9214850882531973,0.0227,0.0,0.17989999999999998,0.005600000000000001
Cricut Inc,CRCT.O,North America,IT Hardware,,,False,-0.360341151385928,-0.637526652452026,0.407249466950959,0.6387959866220724,,,,
Dell Technologies Inc.,DELL.N,North America,IT Hardware,Server,Server Brands,True,-0.05523874372287,-0.378670525151077,0.310749851051153,0.8206338503034375,0.6413,0.0728,0.4623,0.14980000000000002
Garmin Ltd,GRMN.N,North America,IT Hardware,,,False,-0.0919251187482537,-0.399273540094999,0.261991245226786,0.6561698157219498,,,,
GoPro Inc,GPRO.O,North America,IT Hardware,,,False,0.512155403047575,-0.651041060835175,2.14063045248342,3.2880114346971525,,,,
Hewlett Packard Enterprise,HPE.N,North America,IT Hardware,Server,Server Brands,True,0.101806963420009,-0.338915821947995,0.454385191714411,1.3407022106631958,0.4008,0.0363,0.39630000000000004,0.1472
HP Inc.,HPQ.N,North America,IT Hardware,,,False,-0.0654205607476637,-0.221183800623053,0.298026998961578,1.3474178403755848,0.7045,0.0537,0.5526,0.1613
IBM,IBM.N,North America,IT Hardware,Owners/Operators,Enterprises/Tier 2 Clouds,True,0.158624895190182,-0.0967299336839698,0.676957085143685,6.998423955870768,0.8794,0.006999999999999999,0.6820999999999999,0.08710000000000001
Ingram Micro,INGM.N,North America,IT Hardware,,,False,-0.0264255910987483,-0.443671766342142,0.344459898006491,0.7763845350052256,,,,
Kornit Digital Ltd.,KRNT.O,North America,IT Hardware,,,False,0.0644959298685035,-0.248591108328115,0.565435190983093,2.2745591939546608,,,,
Logitech International SA,LOGI.O,North America,IT Hardware,,,False,-0.00458561682138459,-0.30656526115647,0.33094732132871,1.079533017147026,,,,
NetApp Inc,NTAP.O,North America,IT Hardware,,,False,-0.131029095879711,-0.414176918570592,0.308338215192345,0.7444601603017432,0.2702,0.0045000000000000005,0.36810000000000004,0.045599999999999995
Pure Storage Inc,PSTG.N,North America,IT Hardware,Network,Memory/Storage,True,0.123899796885579,-0.282329045362221,0.800947867298578,2.8369304556354886,0.2114,0.0,0.2384,0.0
Resideo Technologies Inc,REZI.N,North America,IT Hardware,,,False,0.172202065308401,-0.218531956461066,0.479207368127268,2.1928480204342304,,,,
Seagate Technology,STX.O,North America,IT Hardware,Network,Memory/Storage,True,0.0986173384351745,-0.408436817765675,0.408483767224583,1.0001149491350092,0.4044,0.1107,0.306,0.1293
"SmartRent, Inc.",SMRT.N,North America,IT Hardware,,,False,,,,,,,,
Sonos Inc.,SONO.O,North America,IT Hardware,,,False,0.160541586073501,-0.355254674403611,0.740812379110251,2.0852994555353863,,,,
TD Synnex Corporation,SNX.N,North America,IT Hardware,,,False,0.0647517642689117,-0.337625355948991,0.380463043209112,1.1268793546021258,,,,
Teradata,TDC.N,North America,IT Hardware,,,False,0.191895113230036,-0.284862932061979,0.519666269368295,1.8242677824267732,,,,
Western Digital,WDC.O,North America,IT Hardware,Network,Memory/Storage,True,0.310462390794801,-0.445983379501385,0.665601250088785,1.4924351011307542,0.368,0.26289999999999997,0.2636,0.2116
Xerox Corp,XRX.O,North America,IT Hardware,,,False,-1.0,,,,,,,
Accton Technology Corporation,2345.TW,Asia/Pacific,Greater China Technology Hardware,Network,Ethernet,True,0.117241379310345,-0.4,0.36551724137931,0.913793103448275,,,,
Advantech,2395.TW,Asia/Pacific,Greater China Technology Hardware,Server,ODM / EMS,True,0.311475409836065,-0.295081967213115,0.639344262295082,2.1666666666666647,,,,
AirTAC International,1590.TW,Asia/Pacific,Greater China Technology Hardware,,,False,0.0249999999999999,-0.416666666666667,0.35,0.8399999999999992,,,,
AU Optronics,2409.TW,Asia/Pacific,Greater China Technology Hardware,,,False,-0.13312693498452,-0.473684210526316,0.362229102167183,0.7647058823529416,,,,
Bizlink,3665.TW,Asia/Pacific,Greater China Technology Hardware,,,False,0.391941391941392,-0.318681318681319,0.831501831501831,2.6091954022988464,,,,
BOE Technology,000725.SZ,Asia/Pacific,Greater China Technology Hardware,,,False,0.244019138755981,-0.330143540669856,1.05741626794258,3.2028985507246306,,,,
BOE Varitronix Ltd,0710.HK,Asia/Pacific,Greater China Technology Hardware,,,False,0.436325678496869,-0.164926931106472,1.08768267223382,6.594936708860749,,,,
Chenbro,8210.TW,Asia/Pacific,Greater China Technology Hardware,Server,ODM / EMS,True,0.230769230769231,-0.471794871794872,0.641025641025641,1.3586956521739124,,,,
Chroma Ate Inc.,2360.TW,Asia/Pacific,Greater China Technology Hardware,,,False,-0.161904761904762,-0.595238095238095,0.123809523809524,0.20800000000000038,,,,
E Ink Holdings Inc.,8069.TWO,Asia/Pacific,Greater China Technology Hardware,,,False,0.0817941952506596,-0.20844327176781,1.00527704485488,4.822784810126577,,,,
Ennostar Inc,3714.TW,Asia/Pacific,Greater China Technology Hardware,,,False,-0.187675070028011,-0.439775910364146,0.540616246498599,1.2292993630573228,,,,
Hiwin Technologies Corp.,2049.TW,Asia/Pacific,Greater China Technology Hardware,,,False,-0.310344827586207,-0.633620689655172,0.0560344827586208,0.08843537414966009,,,,
Innolux,3481.TW,Asia/Pacific,Greater China Technology Hardware,,,False,-0.111617312072893,-0.521640091116173,0.230068337129841,0.4410480349344988,,,,
King Slide Works Co. Ltd.,2059.TW,Asia/Pacific,Greater China Technology Hardware,Server Components,Passive Component,True,0.567656765676568,-0.323432343234323,0.848184818481848,2.6224489795918395,,,,
Lens Technology,300433.SZ,Asia/Pacific,Greater China Technology Hardware,,,False,-0.4750656167979,-0.73753280839895,-0.227179935841353,-0.3080268880980623,,,,
Radiant Opto-Electronics Corporation,6176.TW,Asia/Pacific,Greater China Technology Hardware,,,False,0.343873517786561,-0.130434782608696,1.01581027667984,7.7878787878787525,,,,
Sanan Optoelectronics,600703.SS,Asia/Pacific,Greater China Technology Hardware,,,False,-0.434318038969202,-0.641734758013828,-0.0257699560025142,-0.04015670910871703,,,,
TCL Corp.,000100.SZ,Asia/Pacific,Greater China Technology Hardware,,,False,0.0307017543859651,-0.320175438596491,0.425438596491228,1.3287671232876719,,,,
Tianma Microelectronics,000050.SZ,Asia/Pacific,Greater China Technology Hardware,,,False,-0.347150259067358,-0.481865284974093,0.295336787564767,0.6129032258064523,,,,
Wuhan Jingce Electronic Group Co Ltd,300567.SZ,Asia/Pacific,Greater China Technology Hardware,,,False,-0.504003401119535,-0.75908736625806,-0.298519095869057,-0.393260524596285,,,,
ABB,ABBN.S,Europe,Capital Goods,Internal Power/Cooling,Uninterruptible Power Supply,True,-0.122061738884169,-0.263664684225432,0.0478617955253466,0.1815252416756163,0.7229000000000001,0.2115,0.6047,0.33390000000000003
Alfa Laval AB,ALFA.ST,Europe,Capital Goods,,,False,-0.170245997657165,-0.273721202655213,0.0737992971495509,0.2696148359486444,0.8867,0.0818,0.7238,0.26170000000000004
Alstom,ALSO.PA,Europe,Capital Goods,,,False,-0.310106933425319,-0.586064160055191,0.172818213176958,0.2948793407887002,,,,
Assa Abloy AB,ASSAb.ST,Europe,Capital Goods,,,False,-0.0635716169876023,-0.314165127934582,0.0815088367185439,0.2594458438287152,,,,
GEA Group AG,G1AG.DE,Europe,Capital Goods,,,False,-0.159533073929961,-0.299610894941634,0.167315175097276,0.558441558441558,,,,
Halma PLC,HLMA.L,Europe,Capital Goods,,,False,-0.0956072351421189,-0.361757105943152,0.0465116279069766,0.1285714285714283,,,,
KION Group AG,KGX.DE,Europe,Capital Goods,,,False,-0.204892966360856,-0.388379204892966,0.0397553516819571,0.10236220472440932,,,,
Knorr Bremse AG,KBX.DE,Europe,Capital Goods,,,False,0.0103871576959396,-0.338999055712937,0.180358829084041,0.532033426183842,,,,
Legrand,LEGD.PA,Europe,Capital Goods,Internal Power/Cooling,Power Electronics,True,0.0372340425531914,-0.235372340425532,0.183510638297872,0.7796610169491508,0.2736,0.0362,0.35700000000000004,0.1551
Prysmian SpA,PRY.MI,Europe,Capital Goods,,,False,-0.243799153055052,-0.395039322444041,0.00826779592659799,0.02092904543134224,0.8792,0.2945,0.7053,0.36340000000000006
Rexel S.A.,RXL.PA,Europe,Capital Goods,,,False,0.0109289617486339,-0.316939890710383,0.229508196721312,0.7241379310344834,,,,
Rotork PLC,ROR.L,Europe,Capital Goods,,,False,-0.0691489361702128,-0.202127659574468,0.223404255319149,1.1052631578947378,,,,
Schneider Electric,SCHN.PA,Europe,Capital Goods,Internal Power/Cooling,Uninterruptible Power Supply,True,0.1284046692607,-0.163424124513619,0.264591439688716,1.6190476190476162,0.193,0.0252,0.3152,0.1331
Siemens,SIEGn.DE,Europe,Capital Goods,Internal Power/Cooling,Power Electronics,True,0.0640561821664185,-0.148755054266865,0.276867418599702,1.8612303290414909,0.7432,0.1331,0.6275999999999999,0.289
Siemens Energy AG,ENR1n.DE,Europe,Capital Goods,Power Supply,Grid Infrastructure,True,0.0159118727050183,-0.388004895960832,0.223990208078335,0.5772870662460563,0.4703,0.1861,0.3881,0.23989999999999997
Signify NV,LIGHT.AS,Europe,Capital Goods,,,False,-0.22071392659628,-0.396681749622926,0.256913021618904,0.6476552598225604,,,,
Spirax Group PLC,SPX.L,Europe,Capital Goods,,,False,0.0608020698576974,-0.197930142302717,0.29366106080207,1.4836601307189528,,,,
Vestas Wind Systems A/S,VWS.CO,Europe,Capital Goods,,,False,0.0900929785187561,-0.371593459442129,0.410708560436037,1.1052631578947358,0.6766,0.1859,0.5175,0.2659
Wartsila Oyj Abp,WRT1V.HE,Europe,Capital Goods,,,False,-0.327033218785796,-0.484536082474227,-0.112256586483391,-0.23167848699763663,,,,
AP Memory Technology Corp,6531.TW,Asia/Pacific,Greater China Technology Semiconductors,,,False,0.401515151515152,-0.320707070707071,1.06565656565657,3.322834645669302,,,,
ASMedia Technology Inc,5269.TW,Asia/Pacific,Greater China Technology Semiconductors,,,False,0.0866141732283465,-0.381889763779528,0.622047244094488,1.6288659793814408,,,,
Aspeed Technology,5274.TWO,Asia/Pacific,Greater China Technology Semiconductors,,,False,0.269408740359897,-0.365552699228792,0.47866323907455,1.3094233473980297,,,,
Egis Technology Inc,6462.TWO,Asia/Pacific,Greater China Technology Semiconductors,,,False,-0.036697247706422,-0.55045871559633,0.311926605504587,0.5666666666666667,,,,
Espressif Systems,688018.SS,Asia/Pacific,Greater China Technology Semiconductors,,,False,0.315002988643156,-0.432157800358637,0.518230723251644,1.1991701244813289,,,,
GigaDevice Semiconductor Beijing Inc,603986.SS,Asia/Pacific,Greater China Technology Semiconductors,,,False,0.341107871720117,-0.0217039196631033,1.32912212504049,61.23880597014925,,,,
Macronix International Co Ltd,2337.TW,Asia/Pacific,Greater China Technology Semiconductors,,,False,0.228426395939086,-0.273096446700508,0.981725888324873,3.594795539033452,,,,
Montage Technology Co Ltd,688008.SS,Asia/Pacific,Greater China Technology Semiconductors,Semi Production,IC Design,True,,,,,,,,
Novatek,3034.TW,Asia/Pacific,Greater China Technology Semiconductors,,,False,-0.138666666666667,-0.52,0.16,0.3076923076923077,,,,
Nuvoton Technology Corporation,4919.TW,Asia/Pacific,Greater China Technology Semiconductors,,,False,-0.203980099502488,-0.618573797678275,0.127694859038143,0.20643431635388812,,,,
Parade Technologies Ltd,4966.TWO,Asia/Pacific,Greater China Technology Semiconductors,,,False,0.0433070866141732,-0.458661417322835,0.673228346456693,1.4678111587982825,,,,
Powerchip Semiconductor Manufacturing Co,6770.TW,Asia/Pacific,Greater China Technology Semiconductors,Semi Production,Foundry,True,0.394611727416799,-0.302694136291601,1.23454833597464,4.0785340314135965,,,,
Realtek Semiconductor,2379.TW,Asia/Pacific,Greater China Technology Semiconductors,,,False,0.155462184873949,-0.285714285714286,0.701680672268908,2.4558823529411757,,,,
Shenzhen Goodix Technology Co Ltd,603160.SS,Asia/Pacific,Greater China Technology Semiconductors,,,False,-0.212198221092757,-0.580686149936468,0.0927573062261753,0.159737417943107,,,,
Sino Wealth Electronic,300327.SZ,Asia/Pacific,Greater China Technology Semiconductors,,,False,-0.42156862745098,-0.748366013071895,0.0424836601307188,0.0567685589519649,,,,
Winbond Electronics Corp,2344.TW,Asia/Pacific,Greater China Technology Semiconductors,,,False,0.469194312796209,-0.38957345971564,0.76303317535545,1.958637469586373,,,,
WPG Holdings,3702.TW,Asia/Pacific,Greater China Technology Semiconductors,,,False,-0.116279069767442,-0.37984496124031,0.0852713178294573,0.22448979591836724,,,,
Alibaba Group Holding,BABA.N,Asia/Pacific,China Internet and Other Services,Owners/Operators,Hyperscalers,False,0.155846657676748,-0.229435561548835,0.669556283310859,2.9182759585782216,0.0708,0.0026,0.1472,0.0127
Baidu Inc,BIDU.O,Asia/Pacific,China Internet and Other Services,,,False,0.0948105977665865,-0.270126268155609,0.459747463688782,1.7019724398811145,0.6553,0.1365,0.4783,0.1956
China Mobile Limited,0941.HK,Asia/Pacific,Greater China Telecoms,,,False,0.0841836734693877,-0.170918367346939,0.339285714285714,1.9850746268656676,,,,
China Telecom,0728.HK,Asia/Pacific,Greater China Telecoms,,,False,0.120162932790224,-0.185336048879837,0.425661914460285,2.2967032967032965,0.126,0.0068000000000000005,0.1923,0.0416
China Tower Corp Ltd,0788.HK,Asia/Pacific,Greater China Telecoms,,,False,0.133272892112421,-0.0480507706255665,0.314596554850408,6.5471698113207735,,,,
China Unicom,0762.HK,Asia/Pacific,Greater China Telecoms,,,False,0.0943912448700412,-0.179206566347469,0.573187414500684,3.1984732824427518,0.0794,0.0054,0.14859999999999998,0.028300000000000002
China United Network Communications,600050.SS,Asia/Pacific,Greater China Telecoms,,,False,-0.125,-0.395833333333333,0.75,1.8947368421052648,,,,
Meituan,3690.HK,Asia/Pacific,China Internet and Other Services,,,False,0.462522851919561,-0.0249847653869593,1.4375380865326,57.53658536585328,,,,
Tencent Holdings Ltd.,0700.HK,Asia/Pacific,China Internet and Other Services,Owners/Operators,Enterprises/Tier 2 Clouds,True,0.378986866791745,-0.0431519699812383,0.688555347091933,15.956521739130439,0.0857,0.0016,0.2293,0.065
Daikin Industries ,6367.T,Asia/Pacific,Industrials/General Machinery,Internal Power/Cooling,Liquid Cooling,True,-0.195373397032939,-0.396530047774705,0.206939904450591,0.5218769816106528,,,,
Applied Materials Inc.,AMAT.O,North America,Semiconductor Capital Equipment,Semi Production,Semi Capital Equipment,True,0.183398608097828,-0.151897664196557,0.541235806260742,3.5631608235948757,0.6255,0.24969999999999998,0.4757,0.28800000000000003
BE Semiconductor Industries NV,BESI.AS,Europe,Technology - European Semiconductors,Semi Production,Semi Capital Equipment,True,0.0364145658263306,-0.551820728291317,0.428571428571429,0.7766497461928935,0.46140000000000003,0.0384,0.3795,0.0873
Zhongji Innolight Co Ltd,300308.SZ,Asia/Pacific,Greater China Technology Hardware,Network,Cabling,True,-0.0583804143126178,-0.529190207156309,0.0734463276836159,0.13879003558718872,,,,
Eoptolink Technology Inc Ltd,300502.SZ,Asia/Pacific,Greater China Technology Hardware,Network,Cabling,True,-0.30348802272541,-0.508344486629702,0.174510393051269,0.34329160174090606,,,,
RWE AG,RWEG.DE,Europe,Utilities,Power Supply,Grid + Onsite Renewable Storage,True,0.188118811881188,-0.207920792079208,0.386138613861386,1.8571428571428557,,,,
Orsted A/S,ORSTED.CO,Europe,Utilities,Power Supply,Grid + Onsite Renewable Storage,True,0.0433648516465601,-0.21747636126508,0.467231822627975,2.148425787106445,,,,
Atlas Copco,ATCOa.ST,Europe,Capital Goods ,Power Supply,Generator or Wind and/or Grid Connection,True,0.0351966873706004,-0.22360248447205,0.19047619047619,0.8518518518518485,,,,
Rolls-Royce Holdings PLC,RR.L,Europe,Aerospace & Defence,Power Supply,Generator or Wind and/or Grid Connection,True,0.155624036979969,-0.236517719568567,0.585516178736518,2.4755700325732914,,,,
Vinci SA,SGEF.PA,Europe,Transport,Power Supply,Grid Infrastructure,True,0.0684229784120014,-0.29015733626052,0.266008049762166,0.916771752837325,0.1192,0.0049,0.2613,0.0395
OVH GROUPE SAS,OVH.PA,Europe,Technology - Software & Services,Owners/Operators,Enterprises/Tier 2 Clouds,True,0.00948131622978265,-0.498047964305633,0.639709983268265,1.2844344904815221,,,,
EQT Corp.,EQT.N,North America,Exploration & Production,Power Supply,Generator or Wind and/or Grid Connection,False,0.175468483816014,-0.216354344122658,0.51618398637138,2.385826771653539,0.057800000000000004,0.0027,0.1728,0.028399999999999998
Brookfield Corporation,BN.N,North America,"Financials/Brokers, Asset Managers & Exchanges",Owners/Operators,PE,True,0.25549278091651,-0.393178489223687,0.925088930738648,2.352847259180414,,,,
Antin Infrastructure Partners SA,ANTIN.PA,Europe,Financials/Diversified Financials ,Owners/Operators,PE,True,0.0896130346232178,-0.266802443991853,0.547861507128309,2.053435114503818,,,,
Blackstone Inc,BX.N,North America,"Financials/Brokers, Asset Managers & Exchanges",Owners/Operators,PE,True,0.655629139072847,-0.383951948251964,1.31788079470199,3.432410750100286,0.0216,0.0001,0.12890000000000001,0.0018
Equinix Inc,EQIX.O,North America,Real Estate/Communications Infrastructure,Owners/Operators,DC REITs,True,0.124253547935034,-0.267927922274862,0.254980704671666,0.9516764901050003,,,,
Digital Realty Trust Inc,DLR.N,North America,Real Estate/Communications Infrastructure,Owners/Operators,DC REITs,True,0.0775266618776593,-0.392164447145936,0.29855777200641,0.7613075947583484,,,,
JSW Energy,JSWENERGY.NS,Asia/Pacific,Utilities—Independent Power Producers,Power Supply,Grid + Onsite Renewable Storage,True,,,,,,,,
Adani Power,ADANIPOWER.NS,Asia/Pacific,Utilities—Independent Power Producers,Power Supply,Grid + Onsite Renewable Storage,True,,,,,,,,
Contemporary Amperex Technology Co. Ltd.,300750.SZ,Asia/Pacific,Industrials,Power Supply,Grid + Onsite Renewable Storage,True,0.341216401160563,-0.411507089286692,0.560190507472492,1.3613143541306383,,,,
Antero Resources Corp,AR.N,North America,Energy,Power Supply,Grid Infrastructure,True,0.323360184119678,-0.309551208285386,1.18642117376295,3.832713754646847,0.0154,0.0,0.0897,0.0
Energy Transfer LP,ET.N,North America,Energy,Power Supply,Grid Infrastructure,True,0.0133333333333334,-0.52,0.546666666666667,1.0512820512820518,0.0297,0.0001,0.1378,0.0025
ENGIE,ENGIE.PA,Europe,Utilities,Power Supply,Grid + Onsite Renewable Storage,True,-0.0110308101939901,-0.315329022441993,0.141118295930011,0.44752714113389513,0.48369999999999996,0.08689999999999999,0.40850000000000003,0.174
Iberdrola SA,IBE.MC,Europe,Utilities,Power Supply,Grid + Onsite Renewable Storage,True,-0.0533134030891879,-0.252615844544096,0.0463378176382661,0.18343195266272178,0.7703,0.1968,0.5863,0.3075
Kinder Morgan Inc.,KMI.N,North America,Energy,Power Supply,Grid Infrastructure,True,0.051980198019802,-0.443069306930693,0.361386138613861,0.8156424581005578,0.0108,0.0001,0.0964,0.0066
Williams Companies Inc,WMB.N,North America,Energy,Power Supply,Grid Infrastructure,True,0.148312119535141,-0.3912562257886,0.300498063087991,0.7680339462517675,0.0022,0.0002,0.066,0.019299999999999998
APA Group,APA.AX,Asia/Pacific,Utilities,Power Supply,Grid Infrastructure,True,,,,,,,,
Kansai Electric Power,9503.T,Asia/Pacific,Utilities,Power Supply,Behind Fence,True,-0.250182882223848,-0.542794440380395,0.375274323335772,0.6913746630727767,,,,
AGL Energy Ltd,AGL.AX,Asia/Pacific,Utilities,Power Supply,Grid + Onsite Renewable Storage,True,-0.0747126436781609,-0.453065134099617,0.329501915708812,0.7272727272727264,,,,
Origin Energy Ltd.,ORG.AX,Asia/Pacific,Utilities,Power Supply,Grid + Onsite Renewable Storage,True,-0.0787468247248094,-0.400508044030483,0.278577476714648,0.6955602536997865,0.5055,0.0007000000000000001,0.4888,0.051
"CGN Power Co., Ltd",1816.HK,Asia/Pacific,Utilities,Power Supply,Behind Fence,True,-0.0993589743589743,-0.391025641025641,0.121794871794872,0.3114754098360661,,,,
Polycab India Ltd.,POLC.NS,Asia/Pacific,Industrials,Power Supply,Grid Infrastructure,True,0.247610436579695,-0.18664427796435,0.610565745285456,3.2712802768166145,,,,
NARI Technology,600406.SS,Asia/Pacific,Industrials,Power Supply,Grid Infrastructure,True,0.0145426712590893,-0.51396861844623,0.458476846536548,0.8920327624720781,,,,
XJ Electric,000400.SZ,Asia/Pacific,Industrials,Power Supply,Grid Infrastructure,True,-0.103448275862069,-0.519562334217507,0.210543766578249,0.4052329291640067,,,,
Henan Pinggao Electric,600312.SS,Asia/Pacific,Industrials,Power Supply,Grid Infrastructure,True,-0.0922374429223745,-0.393150684931507,0.429680365296804,1.0929152148664347,,,,
EDP Renovaveis,EDPR.LS,Europe,Utilities,Power Supply,Grid + Onsite Renewable Storage,True,-0.0699404761904762,-0.404761904761905,0.19047619047619,0.4705882352941162,,,,
EDP Energias de Portugal SA,EDP.LS,Europe,Utilities,Power Supply,Grid + Onsite Renewable Storage,True,-0.0478402229447283,-0.326521133302369,0.184393869019972,0.5647226173541956,,,,
ENEL,ENEI.MI,Europe,Utilities,Power Supply,Grid + Onsite Renewable Storage,True,-0.0413943355119825,-0.20479302832244,0.143790849673203,0.7021276595744702,0.8277,0.13019999999999998,0.6734,0.27899999999999997
Hokkaido Electric Power,9509.T,Japan,Utilities,Power Supply,Grid + Onsite Renewable Storage,True,0.417123576549979,-0.544495993251793,0.762969211303248,1.401239349341595,,,,
China Resources Power,0836.HK,Asia/Pacific,Utilities,Power Supply,Grid + Onsite Renewable Storage,True,0.316371681415929,-0.341814159292035,0.985619469026549,2.883495145631072,,,,
Tokyo Gas,9531.T,Japan,Utilities - Regulated Gas,Power Supply,Grid Infrastructure,True,-0.384696989789153,-0.61278345047076,-0.0226760376607877,-0.03700497727764553,,,,
Osaka Gas,9532.T,Japan,Utilities - Regulated Gas,Power Supply,Grid Infrastructure,True,-0.362654320987654,-0.535493827160494,-0.00154320987654322,-0.0028818443804034762,,,,
Goodman Group,GMG.AX,Asia/Pacific,Real Estate/Communications Infrastructure,Owners/Operators,DC REITs,True,0.349154746423927,-0.349804941482445,0.723016905071521,2.0669144981412613,0.0155,0.0,0.135,0.006
SUNeVision Holdings Ltd,1686.HK,Asia/Pacific,Real Estate/Communications Infrastructure,Owners/Operators,DC REITs,True,0.323529411764706,-0.191176470588235,0.764705882352941,4.000000000000005,,,,
Keppel DC REIT,AJBU.SI,Asia/Pacific,Real Estate/Communications Infrastructure,Owners/Operators,DC REITs,True,,,,,,,,
"VNET Group, Inc.",VNET.O,Asia/Pacific,Greater China Telecoms,Owners/Operators,DC REITs,True,0.159420289855072,-0.434782608695652,0.833333333333333,1.9166666666666667,,,,
HD Hyundai Electric,267260.KS,Asia/Pacific,Electrical Equipment & Parts / Industrials,Power Supply,Grid Infrastructure,True,0.264488935721813,-0.46259220231823,0.475237091675448,1.0273348519362184,,,,
"LS ELECTRIC Co., Ltd.",010120.KS,Asia/Pacific,Electrical Equipment & Parts / Industrials,Power Supply,Grid Infrastructure,True,0.0287443267776097,-0.546142208774584,0.40695915279879,0.7451523545706377,,,,
PetroChina Co. Ltd.,0857.HK,Asia/Pacific,Greater China Oil & Gas,Power Supply,Grid Infrastructure,True,0.116557734204793,-0.422657952069717,0.525054466230937,1.2422680412371132,0.030899999999999997,0.0005,0.08869999999999999,0.0048
"Shenzhen Envicool Technology Co., Ltd.",002837.SZ,Asia/Pacific,Specialty Industrial Machinery / Industrials,Internal Power/Cooling,Liquid Cooling,True,0.0429556301926817,-0.469683577868128,0.414177125684992,0.8818216033120059,,,,
Altice USA Inc,ATUS.N,North America,Telecom Services,,,False,,,,,,,,
American Tower Corp.,AMT.N,North America,Communications Infrastructure REIT,,,False,0.171264966163457,-0.141072358146799,0.353461738677772,2.505535055350545,0.0179,0.001,0.1305,0.0274
HOYA,7741.T,Japan,Optical Equipment / Semicap,Semi Production,Semi Capital Equipment,True,-0.0882567469000729,-0.270605397520058,0.0940919037199124,0.3477088948787063,,,,
KLA Corp,KLAC.O,North America,Semiconductor Equipment,Semi Production,Semi Capital Equipment,True,0.195932055213676,-0.0738527316563421,0.429517870680882,5.81586978636825,0.7208,0.3906,0.5322,0.3604
Lam Research Corp,LRCX.O,North America,Semiconductor Equipment,Semi Production,Semi Capital Equipment,True,0.0359614486477307,-0.159342758884219,0.30768904173566,1.9309885424993285,0.8172,0.5388000000000001,0.5754,0.41009999999999996
Mitsubishi Corp.,8058.T,Japan,Trading Companies & Distributors,,,False,-0.243353783231084,-0.468302658486708,0.247443762781186,0.5283842794759819,,,,
NTT DATA,9613.T,Japan,IT Services,,,True,,,,,,,,
"Prologis, Inc.",PLD.N,North America,Industrial REIT,,,False,-0.0285673166870547,-0.316399222853853,0.259264589479744,0.819422333409144,0.7423000000000001,0.0259,0.6341,0.168
Renesas Electronics,6723.T,Japan,Semiconductors,Semi Production,IDM (semi w/ fabs),True,0.139219299715195,-0.195845200201039,0.273245099681689,1.3952095808383225,,,,
Sandfire Resources Ltd,SFR.AX,Asia/Pacific,Metals & Mining,,,False,-0.139213602550478,-0.585547290116897,0.269925611052072,0.46098003629764017,,,,
Telia Company AB,TELIA.ST,Europe,Telecom Services,,,False,-0.14298601714028,-0.39106901217862,0.0825439783491204,0.21107266435986138,0.6663,0.0163,0.5486,0.10679999999999999
"T-Mobile US, Inc.",TMUS.O,North America,Telecom Services,,,False,0.184510250569476,-0.202733485193622,0.298405466970387,1.4719101123595484,0.0254,0.0083,0.1263,0.0637
Vertex Pharmaceuticals,VRTX.O,North America,Biotechnology,,,False,0.159785948277616,-0.519807923169268,0.676602844527642,1.301640114299135,0.0801,0.0006,0.2712,0.008
National Grid plc,NG.L,Europe,Utilities - Transmission & Distribution,Power Supply,Grid Infrastructure,True,0.0196649672250546,-0.286234522942462,0.238164603058995,0.8320610687022898,,,,
Solaris Energy Infrastructure,SEI.N,North America,Diversified Utilities / IPPs,Power Supply,Grid + Onsite Renewable Storage,True,0.200776973335688,-0.752781211372064,0.907116369415504,1.205019939010087,,,,
Korea Electric Power,015760.KS,S. Korea Energy & Materials,Utilities,Power Supply,Grid Infrastructure,True,-0.163879598662207,-0.548494983277592,0.220735785953177,0.40243902439024337,,,,
Nebius Group NV,NBIS.O,North America,Software,Owners/Operators,Neo-cloud,True,0.404212637913741,-0.754820015602363,1.59667892566589,2.1153107928539825,,,,
