project_name,campus,operator,operator_type,state,nem_region,status,facility_mw,critical_it_mw,startup_year,source,source_url,source_date,capacity_basis,unverified_capacity_mw,include_in_project_totals,remediation_status,remediation_notes,source_class,evidence_grade,has_source_url,issue_count,issues
Equinix SY6,Equinix SY6,Equinix,Colocation,NSW,NSW1,Operating,,,2021.0,Equinix official SY6 page; MW not disclosed,https://www.equinix.com/data-centers/asia-pacific-colocation/australia-colocation/sydney-data-centers/sy6,,facility_exists_no_mw_disclosed,,False,quarantined_no_mw_disclosed,"Official facility page located, but legacy MW could not be verified and was removed from audit trail.",primary_url,Q,True,4,"No facility_mw recorded. | No disclosed capex; downstream model fills estimated capex. | PUE/WUE is benchmark, design-target, or portfolio/global average, not facility-specific. | Excluded from project capacity totals pending row-level MW verification."
Equinix SY5,Equinix SY5,Equinix,Colocation,NSW,NSW1,Operating,,,2019.0,Equinix official SY5 page; MW not disclosed,https://www.equinix.com/data-centers/asia-pacific-colocation/australia-colocation/sydney-data-centers/sy5,,facility_exists_no_mw_disclosed,,False,quarantined_no_mw_disclosed,"Official facility page located, but legacy MW could not be verified and was removed from audit trail.",primary_url,Q,True,4,"No facility_mw recorded. | No disclosed capex; downstream model fills estimated capex. | PUE/WUE is benchmark, design-target, or portfolio/global average, not facility-specific. | Excluded from project capacity totals pending row-level MW verification."
Equinix SY4,Equinix SY4,Equinix,Colocation,NSW,NSW1,Operating,,,2016.0,Equinix official SY4 page; MW not disclosed,https://www.equinix.com/data-centers/asia-pacific-colocation/australia-colocation/sydney-data-centers/sy4,,facility_exists_no_mw_disclosed,,False,quarantined_no_mw_disclosed,"Official facility page located, but legacy MW could not be verified and was removed from audit trail.",primary_url,Q,True,4,"No facility_mw recorded. | No disclosed capex; downstream model fills estimated capex. | PUE/WUE is benchmark, design-target, or portfolio/global average, not facility-specific. | Excluded from project capacity totals pending row-level MW verification."
Equinix SY3,Equinix SY3,Equinix,Colocation,NSW,NSW1,Operating,,,2014.0,Equinix official SY3 page; MW not disclosed,https://www.equinix.com/data-centers/asia-pacific-colocation/australia-colocation/sydney-data-centers/sy3,,facility_exists_no_mw_disclosed,,False,quarantined_no_mw_disclosed,"Official facility page located, but legacy MW could not be verified and was removed from audit trail.",primary_url,Q,True,4,"No facility_mw recorded. | No disclosed capex; downstream model fills estimated capex. | PUE/WUE is benchmark, design-target, or portfolio/global average, not facility-specific. | Excluded from project capacity totals pending row-level MW verification."
Equinix SY7,Equinix SY7,Equinix,Colocation,NSW,NSW1,Operating,,,2027.0,Equinix official SY7 page; MW not disclosed,https://www.equinix.com/data-centers/asia-pacific-colocation/australia-colocation/sydney-data-centers/sy7,,facility_exists_no_mw_disclosed,50.0,False,quarantined_no_mw_disclosed,Facility exists but MW figure removed from totals because official page does not disclose MW.,primary_url,Q,True,4,"No facility_mw recorded. | No disclosed capex; downstream model fills estimated capex. | PUE/WUE is benchmark, design-target, or portfolio/global average, not facility-specific. | Excluded from project capacity totals pending row-level MW verification."
Equinix ME2,Equinix ME2,Equinix,Colocation,VIC,VIC1,Operating,,,2020.0,Equinix official ME2 page; MW not disclosed,https://www.equinix.com/data-centers/asia-pacific-colocation/australia-colocation/melbourne-data-centers/me2,,facility_exists_no_mw_disclosed,,False,quarantined_no_mw_disclosed,"Official facility page located, but legacy MW could not be verified and was removed from audit trail.",primary_url,Q,True,4,"No facility_mw recorded. | No disclosed capex; downstream model fills estimated capex. | PUE/WUE is benchmark, design-target, or portfolio/global average, not facility-specific. | Excluded from project capacity totals pending row-level MW verification."
Equinix ME1,Equinix ME1,Equinix,Colocation,VIC,VIC1,Operating,,,2015.0,Equinix official ME1 page; MW not disclosed,https://www.equinix.com/data-centers/asia-pacific-colocation/australia-colocation/melbourne-data-centers/me1,,facility_exists_no_mw_disclosed,,False,quarantined_no_mw_disclosed,"Official facility page located, but legacy MW could not be verified and was removed from audit trail.",primary_url,Q,True,4,"No facility_mw recorded. | No disclosed capex; downstream model fills estimated capex. | PUE/WUE is benchmark, design-target, or portfolio/global average, not facility-specific. | Excluded from project capacity totals pending row-level MW verification."
Equinix PE1,Equinix PE1,Equinix,Colocation,WA,WA,Operating,,,2019.0,Equinix official PE1 page; MW not disclosed,https://www.equinix.com/data-centers/asia-pacific-colocation/australia-colocation/perth-data-centers/pe1,,facility_exists_no_mw_disclosed,,False,quarantined_no_mw_disclosed,"Official facility page located, but legacy MW could not be verified and was removed from audit trail.",primary_url,Q,True,4,"No facility_mw recorded. | No disclosed capex; downstream model fills estimated capex. | PUE/WUE is benchmark, design-target, or portfolio/global average, not facility-specific. | Excluded from project capacity totals pending row-level MW verification."
Equinix CA1,Equinix CA1,Equinix,Colocation,NSW,NSW1,Operating,,,2017.0,Equinix official CA1 page; MW not disclosed,https://www.equinix.com/data-centers/asia-pacific-colocation/australia-colocation/canberra-data-centers/ca1,,facility_exists_no_mw_disclosed,,False,quarantined_no_mw_disclosed,"Official facility page located, but legacy MW could not be verified and was removed from audit trail.",primary_url,Q,True,4,"No facility_mw recorded. | No disclosed capex; downstream model fills estimated capex. | PUE/WUE is benchmark, design-target, or portfolio/global average, not facility-specific. | Excluded from project capacity totals pending row-level MW verification."
Digital Realty SYD10,DRe SYD10,Digital Realty,Colocation,NSW,NSW1,Operating,,,2026.0,Digital Realty official SYD10 page; MW not disclosed,https://www.digitalrealty.asia/data-centers/asia-pacific/sydney/syd10,,facility_exists_no_mw_disclosed,50.0,False,quarantined_no_mw_disclosed,Facility exists but 50MW under-construction figure was unsupported and removed from totals.,source_url_unclassified,Q,True,4,"No facility_mw recorded. | No disclosed capex; downstream model fills estimated capex. | PUE/WUE is benchmark, design-target, or portfolio/global average, not facility-specific. | Excluded from project capacity totals pending row-level MW verification."
Digital Realty SYD11,DRe SYD11,Digital Realty,Colocation,NSW,NSW1,Operating,,,2019.0,Digital Realty official SYD11 page; MW not disclosed,https://www.digitalrealty.com/data-centers/asia-pacific/sydney/syd11,,facility_exists_no_mw_disclosed,,False,quarantined_no_mw_disclosed,"Official facility page located, but legacy MW could not be verified and was removed from audit trail.",primary_url,Q,True,4,"No facility_mw recorded. | No disclosed capex; downstream model fills estimated capex. | PUE/WUE is benchmark, design-target, or portfolio/global average, not facility-specific. | Excluded from project capacity totals pending row-level MW verification."
Digital Realty MEL1,DRe MEL1,Digital Realty,Colocation,VIC,VIC1,Operating,,,2018.0,Digital Realty official MEL1 page; MW not disclosed,https://www.digitalrealty.com/data-centers/asia-pacific/melbourne,,facility_exists_no_mw_disclosed,,False,quarantined_no_mw_disclosed,"Official facility page located, but legacy MW could not be verified and was removed from audit trail.",primary_url,Q,True,4,"No facility_mw recorded. | No disclosed capex; downstream model fills estimated capex. | PUE/WUE is benchmark, design-target, or portfolio/global average, not facility-specific. | Excluded from project capacity totals pending row-level MW verification."
DCI Sydney,DCI Sydney,DCI Data Centres,Colocation,NSW,NSW1,Under Construction,,,2026.0,DCI official locations page; MW not disclosed,https://dcidatacenters.com/locations/,,facility_exists_no_mw_disclosed,100.0,False,quarantined_no_mw_disclosed,Development exists but 100MW figure was unsupported and removed from totals.,primary_url,Q,True,5,"No facility_mw recorded. | Under-construction row has no explicit power_secured evidence flag. | No disclosed capex; downstream model fills estimated capex. | PUE/WUE is benchmark, design-target, or portfolio/global average, not facility-specific. | Excluded from project capacity totals pending row-level MW verification."
Macquarie IC5,Macquarie IC5 Canberra,Macquarie Data Centres,Colocation,NSW,NSW1,Operating,,,2018.0,Macquarie Data Centres official IC5 page; MW undisclosed,https://www.macquariedatacentres.com/data-centres/canberra/ic5/,,facility_exists_no_mw_disclosed,,False,quarantined_no_mw_disclosed,Official page confirms IC5 exists in Canberra but does not disclose MW; legacy 16MW/Macquarie Park attribution removed.,primary_url,Q,True,3,No facility_mw recorded. | No disclosed capex; downstream model fills estimated capex. | Excluded from project capacity totals pending row-level MW verification.
Keppel SYD1,Keppel Sydney 1,Keppel Data Centres,Colocation,NSW,NSW1,Operating,,,,Keppel official Sydney 1 announcement; MW undisclosed,https://www.keppel.com/media/keppel-expands-data-centre-footprint-in-sydney-australia-6763/,,facility_exists_no_mw_disclosed,,False,quarantined_no_mw_disclosed,Official announcement confirms project/facility but does not disclose MW; legacy 20MW removed.,primary_url,Q,True,3,No facility_mw recorded. | No disclosed capex; downstream model fills estimated capex. | Excluded from project capacity totals pending row-level MW verification.
Keppel Gore Hill,Keppel Gore Hill,Keppel Data Centres,Colocation,NSW,NSW1,Operating,,,,Keppel Data Centres official Gore Hill page; MW undisclosed,https://www.keppeldatacentres.com/locations/asia-pacific/australia/gore-hill-data-centre/,,facility_exists_no_mw_disclosed,,False,quarantined_no_mw_disclosed,Official facility page confirms Gore Hill exists but does not disclose MW.,primary_url,Q,True,3,No facility_mw recorded. | No disclosed capex; downstream model fills estimated capex. | Excluded from project capacity totals pending row-level MW verification.
EdgeConneX Macquarie Park,EdgeConneX Macquarie Park,EdgeConneX,Developer,NSW,NSW1,Approved,,,2027.0,Data Center Dynamics Stockland-EdgeConneX partnership report,https://www.datacenterdynamics.com/en/news/stockland-edgeconnex-australian-data-center-partnership-finalized/,,campus_full_build_mw,100.0,False,quarantined_secondary_pipeline_source,"Named secondary source located, but row remains excluded pending primary Stockland/EdgeConneX project evidence.",named_secondary_url,Q,True,5,"capacity_basis is campus_full_build_mw, but campus_full_build_mw is blank. | No facility_mw recorded. | No disclosed capex; downstream model fills estimated capex. | PUE/WUE is benchmark, design-target, or portfolio/global average, not facility-specific. | Excluded from project capacity totals pending row-level MW verification."
GreenSquareDC Norwest,GreenSquareDC Norwest,GreenSquareDC,Colocation,NSW,NSW1,Proposed,,,2023.0,GreenSquareDC official Partners Group acquisition announcement,https://greensquaredc.com/partners-group-to-acquire-australian-data-center-provider-greensquaredc/,,campus_full_build_mw,96.0,False,quarantined_primary_campus_pipeline,"Primary source supports 96MW potential campus expansion, but operating stage and current MW are not disclosed; excluded from totals pending stage-level verification.",primary_url,Q,True,5,"capacity_basis is campus_full_build_mw, but campus_full_build_mw is blank. | No facility_mw recorded. | No disclosed capex; downstream model fills estimated capex. | PUE/WUE is benchmark, design-target, or portfolio/global average, not facility-specific. | Excluded from project capacity totals pending row-level MW verification."
Telstra Exhibition Street,Telstra Exhibition Street DC,Telstra InfraCo,Telecom,VIC,VIC1,Operating,,,,Telstra InfraCo official colocation page; MW undisclosed,https://infraco.telstra.com.au/solutions/data-centre-colocation,,facility_exists_no_mw_disclosed,,False,quarantined_no_mw_disclosed,Official site list confirms facility exists but does not disclose MW for this specific site.,primary_url,Q,True,3,No facility_mw recorded. | No disclosed capex; downstream model fills estimated capex. | Excluded from project capacity totals pending row-level MW verification.
Telstra Woolloongabba,Telstra Woolloongabba DC,Telstra InfraCo,Telecom,QLD,QLD1,Operating,,,,Telstra InfraCo official colocation page; MW undisclosed,https://infraco.telstra.com.au/solutions/data-centre-colocation,,facility_exists_no_mw_disclosed,,False,quarantined_no_mw_disclosed,Official site list confirms facility exists but does not disclose MW for this specific site.,primary_url,Q,True,3,No facility_mw recorded. | No disclosed capex; downstream model fills estimated capex. | Excluded from project capacity totals pending row-level MW verification.
Telstra Waymouth Street,Telstra Waymouth Street DC,Telstra InfraCo,Telecom,SA,SA1,Operating,,,,Telstra InfraCo official colocation page; MW undisclosed,https://infraco.telstra.com.au/solutions/data-centre-colocation,,facility_exists_no_mw_disclosed,,False,quarantined_no_mw_disclosed,Official site list confirms facility exists but does not disclose MW for this specific site.,primary_url,Q,True,3,No facility_mw recorded. | No disclosed capex; downstream model fills estimated capex. | Excluded from project capacity totals pending row-level MW verification.
Telstra Deakin,Telstra Deakin DC,Telstra InfraCo,Telecom,NSW,NSW1,Operating,,,,Telstra InfraCo official colocation page; MW undisclosed,https://infraco.telstra.com.au/solutions/data-centre-colocation,,facility_exists_no_mw_disclosed,,False,quarantined_no_mw_disclosed,Official site list confirms facility exists but does not disclose MW for this specific site.,primary_url,Q,True,3,No facility_mw recorded. | No disclosed capex; downstream model fills estimated capex. | Excluded from project capacity totals pending row-level MW verification.
Telstra Wellington Street,Telstra Wellington Street DC,Telstra InfraCo,Telecom,WA,WA,Operating,,,,Telstra InfraCo official colocation page; MW undisclosed,https://infraco.telstra.com.au/solutions/data-centre-colocation,,facility_exists_no_mw_disclosed,,False,quarantined_no_mw_disclosed,Official site list confirms facility exists but does not disclose MW for this specific site.,primary_url,Q,True,3,No facility_mw recorded. | No disclosed capex; downstream model fills estimated capex. | Excluded from project capacity totals pending row-level MW verification.
Rackspace SYD2,Rackspace Sydney 2,Rackspace Technology,Colocation,NSW,NSW1,Operating,,,,Rackspace official SYD2 page; utility power in MVA,https://www.rackspace.com/en-sg/about/data-centers/sydney,,grid_connection_mva,,False,quarantined_grid_mva_no_mw,"Official page discloses 10MVA utility power, not MW/IT load; excluded from MW totals to avoid unit conversion.",primary_url,Q,True,3,No facility_mw recorded. | No disclosed capex; downstream model fills estimated capex. | Excluded from project capacity totals pending row-level MW verification.
Macquarie IC4,Macquarie IC4 Bunker,Macquarie Government,Colocation,NSW,NSW1,Operating,,,,Macquarie Data Centres official IC4 page; MW undisclosed,https://www.macquariedatacentres.com/data-centres/canberra/ic4/,,facility_exists_no_mw_disclosed,,False,quarantined_no_mw_disclosed,Official page confirms IC4 exists but does not disclose MW; legacy 2.5MW figure removed from audit trail.,primary_url,Q,True,3,No facility_mw recorded. | No disclosed capex; downstream model fills estimated capex. | Excluded from project capacity totals pending row-level MW verification.
DXN TAS1,DXN Hobart,DXN Limited,Colocation,TAS,TAS1,Operating,,,,DXN official data-centre locations page; MW undisclosed,https://dxn.solutions/data-centre-locations/,,facility_exists_no_mw_disclosed,,False,quarantined_no_mw_disclosed,Official page confirms Tasmanian facility exists but does not disclose MW.,primary_url,Q,True,3,No facility_mw recorded. | No disclosed capex; downstream model fills estimated capex. | Excluded from project capacity totals pending row-level MW verification.
DXN NT1,DXN Darwin,DXN Limited,Colocation,NT,NT,Operating,,,,DXN official data-centre locations page; MW undisclosed,https://dxn.solutions/data-centre-locations/,,facility_exists_no_mw_disclosed,,False,quarantined_no_mw_disclosed,Official page confirms Darwin facility exists but does not disclose MW.,primary_url,Q,True,3,No facility_mw recorded. | No disclosed capex; downstream model fills estimated capex. | Excluded from project capacity totals pending row-level MW verification.
Vault Cloud Canberra,Vault Cloud Canberra,Vault Cloud,Colocation,NSW,NSW1,Operating,,,,Vault Cloud official Government Cloud page; MW undisclosed,https://vaultcloud.com.au/government-cloud/,,facility_exists_no_mw_disclosed,,False,quarantined_no_mw_disclosed,Official page confirms Canberra/Sydney data-centre locations but does not disclose MW.,primary_url,Q,True,3,No facility_mw recorded. | No disclosed capex; downstream model fills estimated capex. | Excluded from project capacity totals pending row-level MW verification.
Vault Cloud Sydney,Vault Cloud Sydney,Vault Cloud,Colocation,NSW,NSW1,Operating,,,,Vault Cloud official Government Cloud page; MW undisclosed,https://vaultcloud.com.au/government-cloud/,,facility_exists_no_mw_disclosed,,False,quarantined_no_mw_disclosed,Official page confirms Canberra/Sydney data-centre locations but does not disclose MW.,primary_url,Q,True,3,No facility_mw recorded. | No disclosed capex; downstream model fills estimated capex. | Excluded from project capacity totals pending row-level MW verification.
AUCloud Canberra,AUCloud Canberra,AUCloud,Colocation,NSW,NSW1,Operating,,,,AUCyber Canberra Cyber Hub profile; MW undisclosed,https://canberracyberhub.com.au/cyber-businesses/aucloud,,facility_exists_no_mw_disclosed,,False,quarantined_no_mw_disclosed,Source confirms data-centre locations but does not disclose MW.,primary_url,Q,True,3,No facility_mw recorded. | No disclosed capex; downstream model fills estimated capex. | Excluded from project capacity totals pending row-level MW verification.
AUCloud Sydney,AUCloud Sydney,AUCloud,Colocation,NSW,NSW1,Operating,,,,AUCyber Canberra Cyber Hub profile; MW undisclosed,https://canberracyberhub.com.au/cyber-businesses/aucloud,,facility_exists_no_mw_disclosed,,False,quarantined_no_mw_disclosed,Source confirms data-centre locations but does not disclose MW.,primary_url,Q,True,3,No facility_mw recorded. | No disclosed capex; downstream model fills estimated capex. | Excluded from project capacity totals pending row-level MW verification.
Pawsey Setonix,Pawsey Supercomputing Research Centre,Pawsey Supercomputing Research Centre,Technology,WA,WA,Operating,,,2022.0,Pawsey official Setonix page; facility MW undisclosed,https://pawsey.org.au/systems/setonix/,,facility_exists_no_mw_disclosed,,False,quarantined_no_mw_disclosed,Official page confirms Setonix exists but does not disclose facility MW.,primary_url,Q,True,3,No facility_mw recorded. | No disclosed capex; downstream model fills estimated capex. | Excluded from project capacity totals pending row-level MW verification.
Doma Minchinbury,Doma Minchinbury DC,Doma Infrastructure Group,Developer,NSW,NSW1,Under Construction,62.0,62.0,2028.0,PR Newswire / Starwood-Doma-Telstra announcement,https://www.prnewswire.com/apac/news-releases/starwood-capital-group-doma-infrastructure-group-and-telstra-infraco-announce-agreement-to-develop-62mw-ai-optimised-data-centre-in-western-sydney-302613655.html,2025-11-13,it_load_mw,,True,verified_secondary,,named_secondary_url,B,True,2,"No disclosed capex; downstream model fills estimated capex. | PUE/WUE is benchmark, design-target, or portfolio/global average, not facility-specific."
Keppel Morwell,Keppel Morwell Campus,Keppel Data Centres,Developer,VIC,VIC1,Proposed,720.0,,,Keppel official release,https://www.keppel.com/media/keppel-secures-720mw-powerbank-for-ai-data-centre-campus-near-melbourne-expanding-powerbank-to-over-1gw/,2026-01-15,gross_power_mw,,True,verified_primary_gross_power_predevelopment,,primary_url,A,True,2,"No critical_it_mw, so energy/load calculations infer IT load from PUE. | No disclosed capex; downstream model fills estimated capex."
S7,NEXTDC S7,NEXTDC,Colocation,NSW,NSW1,Proposed,550.0,,,NEXTDC official release,https://www.nextdc.com/news/nextdc-acquires-new-sydney-data-centre-s7,2024-10-17,campus_full_build_mw,,True,verified_primary_planning_pending,,primary_url,A,True,3,"No critical_it_mw, so energy/load calculations infer IT load from PUE. | No disclosed capex; downstream model fills estimated capex. | PUE/WUE is benchmark, design-target, or portfolio/global average, not facility-specific."
Marsden Park,CDC Marsden Park,CDC Data Centres,Colocation,NSW,NSW1,Approved,504.0,,,NSW Planning Portal SSD-70889211; Infratil CDC Investor Day Presentation 26 Mar 2026,https://www.planningportal.nsw.gov.au/major-projects/projects/marsden-park-data-centre,,power_consumption_mw,,True,verified_primary_power_consumption_staged,"Staged campus: NSW approval covers six buildings/504MW power consumption; Infratil March 2026 presentation shows MP1 and states first of six buildings complete. No stage-level MW is disclosed, so this row remains the approved campus power-consumption envelope rather than MP1 operating capacity.",primary_url,A,True,3,"No critical_it_mw, so energy/load calculations infer IT load from PUE. | No disclosed capex; downstream model fills estimated capex. | PUE/WUE is benchmark, design-target, or portfolio/global average, not facility-specific."
CDC Laverton,CDC Laverton,CDC Data Centres,Colocation,VIC,VIC1,Under Construction,400.0,,2026.0,CDC official Melbourne location page,https://cdc.com/locations/melbourne/,,campus_full_build_mw,,True,verified_primary,,primary_url,A,True,4,"Under-construction row has no explicit power_secured evidence flag. | No critical_it_mw, so energy/load calculations infer IT load from PUE. | No disclosed capex; downstream model fills estimated capex. | PUE/WUE is benchmark, design-target, or portfolio/global average, not facility-specific."
Stack Infrastructure Sydney,Stack SYD,Stack Infrastructure,Developer,NSW,NSW1,Proposed,360.0,,2028.0,STACK official SYD01 page,https://www.stackinfra.com/locations/asia-pacific/sydney/syd01/,,campus_full_build_mw,,True,verified_primary_campus_capacity,,primary_url,A,True,3,"No critical_it_mw, so energy/load calculations infer IT load from PUE. | No disclosed capex; downstream model fills estimated capex. | PUE/WUE is benchmark, design-target, or portfolio/global average, not facility-specific."
MEL2,AirTrunk MEL2,AirTrunk,Colocation,VIC,VIC1,Proposed,354.0,,2027.0,AirTrunk official Dec 2025 portfolio media release,https://airtrunk.com/airtrunk-expands-australian-platform-with-a-second-hyperscale-data-centre-campus-in-melbourne/,2025-12-24,campus_full_build_mw,,True,verified_primary,,primary_url,A,True,2,"No critical_it_mw, so energy/load calculations infer IT load from PUE. | PUE/WUE is benchmark, design-target, or portfolio/global average, not facility-specific."
S4,NEXTDC S4,NEXTDC,Colocation,NSW,NSW1,Proposed,350.0,350.0,2028.0,NEXTDC official facility/location page,https://www.nextdc.com/data-centres/melbourne-data-centres/m4-melbourne,,it_load_mw,,True,verified_primary,,primary_url,A,True,2,"No disclosed capex; downstream model fills estimated capex. | PUE/WUE is benchmark, design-target, or portfolio/global average, not facility-specific."
CDC Brooklyn,CDC Brooklyn Campus,CDC Data Centres,Colocation,VIC,VIC1,Under Construction,350.0,,2016.0,CDC official Melbourne location page,https://cdc.com/locations/melbourne/,,campus_full_build_mw,,True,verified_primary,,primary_url,A,True,3,"Under-construction row has no explicit power_secured evidence flag. | No critical_it_mw, so energy/load calculations infer IT load from PUE. | No disclosed capex; downstream model fills estimated capex."
SYD3,AirTrunk SYD3,AirTrunk,Colocation,NSW,NSW1,Under Construction,330.0,320.0,2026.0,AirTrunk official Dec 2025 portfolio media release,https://airtrunk.com/airtrunk-expands-australian-platform-with-a-second-hyperscale-data-centre-campus-in-melbourne/,2025-12-24,campus_full_build_mw,,True,verified_primary,,primary_url,A,True,3,"Under-construction row has no explicit power_secured evidence flag. | No disclosed capex; downstream model fills estimated capex. | PUE/WUE is benchmark, design-target, or portfolio/global average, not facility-specific."
MEL1,AirTrunk MEL1,AirTrunk,Colocation,VIC,VIC1,Operating,276.0,,2020.0,AirTrunk official Dec 2025 portfolio media release,https://airtrunk.com/airtrunk-expands-australian-platform-with-a-second-hyperscale-data-centre-campus-in-melbourne/,2025-12-24,campus_full_build_mw,,True,verified_primary,,primary_url,A,True,3,"No critical_it_mw, so energy/load calculations infer IT load from PUE. | No disclosed capex; downstream model fills estimated capex. | PUE/WUE is benchmark, design-target, or portfolio/global average, not facility-specific."
M3,NEXTDC M3,NEXTDC,Colocation,VIC,VIC1,Operating,225.0,225.0,2022.0,NEXTDC official facility/location page,https://www.nextdc.com/data-centres/melbourne-data-centres/m4-melbourne,,it_load_mw,,True,verified_primary,,primary_url,A,True,2,"No disclosed capex; downstream model fills estimated capex. | PUE/WUE is benchmark, design-target, or portfolio/global average, not facility-specific."
Eastern Creek,CDC Eastern Creek,CDC Data Centres,Colocation,NSW,NSW1,Operating,200.0,,2018.0,CDC official Sydney location page,https://cdc.com/locations/sydney/,,campus_full_build_mw,,True,verified_primary,,primary_url,A,True,2,"No critical_it_mw, so energy/load calculations infer IT load from PUE. | No disclosed capex; downstream model fills estimated capex."
CDC Maddington,CDC Maddington Campus,CDC Data Centres,Colocation,WA,WA,Under Construction,200.0,,2027.0,CDC official Perth location page,https://cdc.com/locations/perth/,,campus_full_build_mw,,True,verified_primary,,primary_url,A,True,3,"Under-construction row has no explicit power_secured evidence flag. | No critical_it_mw, so energy/load calculations infer IT load from PUE. | PUE/WUE is benchmark, design-target, or portfolio/global average, not facility-specific."
SYD2,AirTrunk SYD2,AirTrunk,Colocation,NSW,NSW1,Operating,158.0,,2021.0,AirTrunk official Dec 2025 portfolio media release,https://airtrunk.com/airtrunk-expands-australian-platform-with-a-second-hyperscale-data-centre-campus-in-melbourne/,2025-12-24,campus_full_build_mw,,True,verified_primary,,primary_url,A,True,3,"No critical_it_mw, so energy/load calculations infer IT load from PUE. | No disclosed capex; downstream model fills estimated capex. | PUE/WUE is benchmark, design-target, or portfolio/global average, not facility-specific."
M4,NEXTDC M4,NEXTDC,Colocation,VIC,VIC1,Proposed,150.0,150.0,,NEXTDC official facility page,https://www.nextdc.com/data-centres/melbourne-data-centres/m4-melbourne,,it_load_mw,,True,verified_primary_planning_pending,,primary_url,A,True,2,"No disclosed capex; downstream model fills estimated capex. | PUE/WUE is benchmark, design-target, or portfolio/global average, not facility-specific."
SYD1,AirTrunk SYD1,AirTrunk,Colocation,NSW,NSW1,Operating,121.0,,2018.0,AirTrunk official Dec 2025 portfolio media release,https://airtrunk.com/airtrunk-expands-australian-platform-with-a-second-hyperscale-data-centre-campus-in-melbourne/,2025-12-24,campus_full_build_mw,,True,verified_primary,,primary_url,A,True,3,"No critical_it_mw, so energy/load calculations infer IT load from PUE. | No disclosed capex; downstream model fills estimated capex. | PUE/WUE is benchmark, design-target, or portfolio/global average, not facility-specific."
M2,NEXTDC M2,NEXTDC,Colocation,VIC,VIC1,Operating,120.0,120.0,2018.0,NEXTDC official facility/location page,https://www.nextdc.com/data-centres/melbourne-data-centres/m4-melbourne,,it_load_mw,,True,verified_primary,,primary_url,A,True,2,"No disclosed capex; downstream model fills estimated capex. | PUE/WUE is benchmark, design-target, or portfolio/global average, not facility-specific."
Fujitsu Greystanes,Fujitsu Western Sydney,Fujitsu,Technology,NSW,NSW1,Operating,92.0,92.0,2010.0,Fujitsu official Australian data-centre locations page,https://www.fujitsu.com/au/services/data-centres,,it_load_mw,,True,verified_primary_it_load,,primary_url,A,True,2,"No disclosed capex; downstream model fills estimated capex. | PUE/WUE is benchmark, design-target, or portfolio/global average, not facility-specific."
S3,NEXTDC S3,NEXTDC,Colocation,NSW,NSW1,Operating,80.0,80.0,2020.0,NEXTDC official facility/location page,https://www.nextdc.com/data-centres/melbourne-data-centres/m4-melbourne,,it_load_mw,,True,verified_primary,,primary_url,A,True,2,"No disclosed capex; downstream model fills estimated capex. | PUE/WUE is benchmark, design-target, or portfolio/global average, not facility-specific."
Vantage MEL1,Vantage MEL1,Vantage Data Centers,Colocation,VIC,VIC1,Operating,64.0,64.0,,Vantage official MEL1 page,https://vantage-dc.com/data-center-locations/apac/melbourne-australia/,,it_load_mw,,True,verified_primary,,primary_url,A,True,1,No disclosed capex; downstream model fills estimated capex.
Hume,CDC Hume,CDC Data Centres,Colocation,NSW,NSW1,Operating,51.0,,2015.0,CDC official Canberra location page,https://cdc.com/locations/canberra/,,campus_full_build_mw,,True,verified_primary,,primary_url,A,True,2,"No critical_it_mw, so energy/load calculations infer IT load from PUE. | No disclosed capex; downstream model fills estimated capex."
IC3 Super West,Macquarie IC3 Super West,Macquarie Data Centres,Colocation,NSW,NSW1,Under Construction,47.0,47.0,2026.0,Macquarie Data Centres official page,https://www.macquariedatacentres.com/data-centres/sydney/macquarie-park-campus/ic3-super-west/,,it_load_mw,,True,verified_primary_it_load,,primary_url,A,True,2,"No disclosed capex; downstream model fills estimated capex. | PUE/WUE is benchmark, design-target, or portfolio/global average, not facility-specific."
Fyshwick,CDC Fyshwick,CDC Data Centres,Colocation,NSW,NSW1,Operating,45.0,,2010.0,CDC official Canberra location page,https://cdc.com/locations/canberra/,,campus_full_build_mw,,True,verified_primary,,primary_url,A,True,2,"No critical_it_mw, so energy/load calculations infer IT load from PUE. | No disclosed capex; downstream model fills estimated capex."
CDC Beard,CDC Beard Campus,CDC Data Centres,Colocation,NSW,NSW1,Under Construction,39.0,,2027.0,CDC official Canberra location page,https://cdc.com/locations/canberra/,,campus_full_build_mw,,True,verified_primary,,primary_url,A,True,4,"Under-construction row has no explicit power_secured evidence flag. | No critical_it_mw, so energy/load calculations infer IT load from PUE. | No disclosed capex; downstream model fills estimated capex. | PUE/WUE is benchmark, design-target, or portfolio/global average, not facility-specific."
S2,NEXTDC S2,NEXTDC,Colocation,NSW,NSW1,Operating,30.0,30.0,2015.0,NEXTDC official facility/location page,https://www.nextdc.com/data-centres/melbourne-data-centres/m4-melbourne,,it_load_mw,,True,verified_primary,,primary_url,A,True,2,"No disclosed capex; downstream model fills estimated capex. | PUE/WUE is benchmark, design-target, or portfolio/global average, not facility-specific."
Equinix SY9x,Equinix SY9x,Equinix,Colocation,NSW,NSW1,Operating,28.0,,2024.0,Equinix official xScale press release,https://newsroom.equinix.com/2022-06-14-Equinix-and-PGIM-Real-Estate-Open-First-xScale-TM-Data-Centre-in-Sydney-for-Hyperscalers,2022-06-14,gross_power_mw,,True,verified_primary,,primary_url,A,True,3,"No critical_it_mw, so energy/load calculations infer IT load from PUE. | No disclosed capex; downstream model fills estimated capex. | PUE/WUE is benchmark, design-target, or portfolio/global average, not facility-specific."
Equinix SY10x,Equinix SY10x,Equinix,Colocation,NSW,NSW1,Under Construction,28.0,,2026.0,Equinix official xScale press release,https://newsroom.equinix.com/2022-06-14-Equinix-and-PGIM-Real-Estate-Open-First-xScale-TM-Data-Centre-in-Sydney-for-Hyperscalers,2022-06-14,gross_power_mw,,True,verified_primary,,primary_url,A,True,4,"Under-construction row has no explicit power_secured evidence flag. | No critical_it_mw, so energy/load calculations infer IT load from PUE. | No disclosed capex; downstream model fills estimated capex. | PUE/WUE is benchmark, design-target, or portfolio/global average, not facility-specific."
DigiCo SYD1,DigiCo Sydney SYD1,DigiCo Infrastructure REIT,Colocation,NSW,NSW1,Operating,26.0,26.0,,DigiCo official Sydney SYD1 location page,https://www.digi-co.com.au/location/sydney-syd1/,,it_load_mw,,True,verified_primary_it_load,Renamed from legacy Global Switch SYD row to current DigiCo SYD1. Facility MW records installed IT capacity only; planned 88MW is retained in campus_full_build_mw/evidence but not used as current operating MW.,primary_url,A,True,1,No disclosed capex; downstream model fills estimated capex.
P2,NEXTDC P2,NEXTDC,Colocation,WA,WA,Operating,20.0,20.0,2018.0,NEXTDC official facility/location page,https://www.nextdc.com/data-centres/melbourne-data-centres/m4-melbourne,,it_load_mw,,True,verified_primary,,primary_url,A,True,2,"No disclosed capex; downstream model fills estimated capex. | PUE/WUE is benchmark, design-target, or portfolio/global average, not facility-specific."
DigiCo BNE3,DigiCo Brisbane BNE3,DigiCo Infrastructure REIT,Colocation,QLD,QLD1,Proposed,19.6,19.6,2027.0,DigiCo official Brisbane BNE3 location page,https://www.digi-co.com.au/location/brisbane-bne3/,,it_load_mw,,True,verified_primary_it_load,Corrected legacy operating/directory row to proposed greenfield BNE3 project with official DigiCo estimated IT capacity.,primary_url,A,True,1,No disclosed capex; downstream model fills estimated capex.
S1,NEXTDC S1,NEXTDC,Colocation,NSW,NSW1,Operating,16.0,16.0,2012.0,NEXTDC official facility/location page,https://www.nextdc.com/data-centres/melbourne-data-centres/m4-melbourne,,it_load_mw,,True,verified_primary,,primary_url,A,True,2,"No disclosed capex; downstream model fills estimated capex. | PUE/WUE is benchmark, design-target, or portfolio/global average, not facility-specific."
M1,NEXTDC M1,NEXTDC,Colocation,VIC,VIC1,Operating,16.0,16.0,2012.0,NEXTDC official facility/location page,https://www.nextdc.com/data-centres/melbourne-data-centres/m4-melbourne,,it_load_mw,,True,verified_primary,,primary_url,A,True,2,"No disclosed capex; downstream model fills estimated capex. | PUE/WUE is benchmark, design-target, or portfolio/global average, not facility-specific."
B2,NEXTDC B2,NEXTDC,Colocation,QLD,QLD1,Operating,12.0,12.0,2019.0,NEXTDC official facility/location page,https://www.nextdc.com/data-centres/melbourne-data-centres/m4-melbourne,,it_load_mw,,True,verified_primary,,primary_url,A,True,2,"No disclosed capex; downstream model fills estimated capex. | PUE/WUE is benchmark, design-target, or portfolio/global average, not facility-specific."
IC3 East,Macquarie IC3 East,Macquarie Data Centres,Colocation,NSW,NSW1,Operating,12.0,12.0,2020.0,Macquarie Technology official IC3 East page,https://www.macquarietechnologygroup.com/our-data-centres/sydney-data-centre-ic3-east/,,it_load_mw,,True,verified_primary_it_load,,primary_url,A,True,1,No disclosed capex; downstream model fills estimated capex.
P1,NEXTDC P1,NEXTDC,Colocation,WA,WA,Operating,10.0,10.0,2013.0,NEXTDC official facility/location page,https://www.nextdc.com/data-centres/melbourne-data-centres/m4-melbourne,,it_load_mw,,True,verified_primary,,primary_url,A,True,2,"No disclosed capex; downstream model fills estimated capex. | PUE/WUE is benchmark, design-target, or portfolio/global average, not facility-specific."
Telstra St Leonards,Telstra St Leonards DC,Telstra InfraCo,Telecom,NSW,NSW1,Operating,10.0,,,Telstra Wholesale/InfraCo official data-centre specifications,https://www.telstrawholesale.com.au/products/data/telstra-infraco-data-centres.html,,gross_power_mw,,True,verified_primary_gross_power,,primary_url,A,True,2,"No critical_it_mw, so energy/load calculations infer IT load from PUE. | No disclosed capex; downstream model fills estimated capex."
Telstra Clayton,Telstra Clayton DC,Telstra InfraCo,Telecom,VIC,VIC1,Operating,10.0,,,Telstra Wholesale/InfraCo official data-centre specifications,https://www.telstrawholesale.com.au/products/data/telstra-infraco-data-centres.html,,gross_power_mw,,True,verified_primary_gross_power,,primary_url,A,True,2,"No critical_it_mw, so energy/load calculations infer IT load from PUE. | No disclosed capex; downstream model fills estimated capex."
A1,NEXTDC A1,NEXTDC,Colocation,SA,SA1,Operating,5.0,5.0,2016.0,NEXTDC official facility/location page,https://www.nextdc.com/data-centres/melbourne-data-centres/m4-melbourne,,it_load_mw,,True,verified_primary,,primary_url,A,True,2,"No disclosed capex; downstream model fills estimated capex. | PUE/WUE is benchmark, design-target, or portfolio/global average, not facility-specific."
C1,NEXTDC C1,NEXTDC,Colocation,NSW,NSW1,Operating,4.4,4.4,2013.0,NEXTDC official facility/location page,https://www.nextdc.com/data-centres/melbourne-data-centres/m4-melbourne,,it_load_mw,,True,verified_primary,,primary_url,A,True,2,"No disclosed capex; downstream model fills estimated capex. | PUE/WUE is benchmark, design-target, or portfolio/global average, not facility-specific."
Fujitsu Homebush,Fujitsu Homebush,Fujitsu,Technology,NSW,NSW1,Operating,3.0,3.0,2008.0,Fujitsu official Australian data-centre locations page,https://www.fujitsu.com/au/services/data-centres,,it_load_mw,,True,verified_primary_it_load,,primary_url,A,True,2,"No disclosed capex; downstream model fills estimated capex. | PUE/WUE is benchmark, design-target, or portfolio/global average, not facility-specific."
B1,NEXTDC B1,NEXTDC,Colocation,QLD,QLD1,Operating,2.25,2.25,2013.0,NEXTDC official facility/location page,https://www.nextdc.com/data-centres/melbourne-data-centres/m4-melbourne,,it_load_mw,,True,verified_primary,,primary_url,A,True,2,"No disclosed capex; downstream model fills estimated capex. | PUE/WUE is benchmark, design-target, or portfolio/global average, not facility-specific."
IC1,Macquarie IC1 Sydney CBD,Macquarie Data Centres,Colocation,NSW,NSW1,Operating,2.0,2.0,2010.0,Macquarie Data Centres official IC1 page,https://www.macquariedatacentres.com/data-centres/sydney/sydney-cbd-campus-ic1/,,it_load_mw,,True,verified_primary_it_load,,primary_url,A,True,1,No disclosed capex; downstream model fills estimated capex.
NCI Gadi,NCI National Computational Infrastructure,NCI,Technology,NSW,NSW1,Operating,2.0,,2020.0,NCI official data centre page,https://nci.org.au/about-us/data-centre,,gross_power_mw,,True,verified_primary_gross_power_minimum,Recorded as 2MW minimum because source says more than 2MW; do not treat as exact maximum capacity.,primary_url,A,True,2,"No critical_it_mw, so energy/load calculations infer IT load from PUE. | No disclosed capex; downstream model fills estimated capex."
DigiCo BNE1,DigiCo Brisbane BNE1,DigiCo Infrastructure REIT,Colocation,QLD,QLD1,Operating,1.8,1.8,,DigiCo official Brisbane BNE1 location page,https://www.digi-co.com.au/location/brisbane-bne1/,,it_load_mw,,True,verified_primary_it_load,Replaced legacy 6MW/directory source with DigiCo official installed IT capacity.,primary_url,A,True,1,No disclosed capex; downstream model fills estimated capex.
DigiCo BNE2,DigiCo Brisbane BNE2,DigiCo Infrastructure REIT,Colocation,QLD,QLD1,Operating,1.7,1.7,,DigiCo official Brisbane BNE2 location page,https://www.digi-co.com.au/location/brisbane-bne2/,,it_load_mw,,True,verified_primary_it_load,Replaced directory source with DigiCo official installed IT capacity.,primary_url,A,True,1,No disclosed capex; downstream model fills estimated capex.
LEDC Newcastle,Leading Edge Newcastle,Leading Edge Data Centres,Colocation,NSW,NSW1,Operating,1.5,,,Leading Edge Data Centres official location page,https://leadingedgedc.com/dc_location/newcastle/,,gross_power_mw,,True,verified_primary_gross_power,,primary_url,A,True,2,"No critical_it_mw, so energy/load calculations infer IT load from PUE. | No disclosed capex; downstream model fills estimated capex."
DigiCo ADL1,DigiCo Adelaide ADL1,DigiCo Infrastructure REIT,Colocation,SA,SA1,Operating,1.2,1.2,,DigiCo official Adelaide ADL1 location page,https://www.digi-co.com.au/location/adelaide-adl1/,,it_load_mw,,True,verified_primary_it_load,Replaced YourDC acquisition source/no-MW row with DigiCo official installed IT capacity.,primary_url,A,True,1,No disclosed capex; downstream model fills estimated capex.
D1,NEXTDC D1,NEXTDC,Colocation,VIC,VIC1,Operating,1.0,1.0,2020.0,NEXTDC official facility/location page,https://www.nextdc.com/data-centres/melbourne-data-centres/m4-melbourne,,it_load_mw,,True,verified_primary,,primary_url,A,True,2,"No disclosed capex; downstream model fills estimated capex. | PUE/WUE is benchmark, design-target, or portfolio/global average, not facility-specific."
LEDC Albury,Leading Edge Albury,Leading Edge Data Centres,Colocation,NSW,NSW1,Operating,0.75,,,Leading Edge Data Centres official location page,https://leadingedgedc.com/dc_location/albury/,,gross_power_mw,,True,verified_primary_gross_power,,primary_url,A,True,2,"No critical_it_mw, so energy/load calculations infer IT load from PUE. | No disclosed capex; downstream model fills estimated capex."
LEDC Dubbo,Leading Edge Dubbo,Leading Edge Data Centres,Colocation,NSW,NSW1,Operating,0.75,,,Leading Edge Data Centres official location page,https://leadingedgedc.com/dc_location/dubbo/,,gross_power_mw,,True,verified_primary_gross_power,,primary_url,A,True,2,"No critical_it_mw, so energy/load calculations infer IT load from PUE. | No disclosed capex; downstream model fills estimated capex."
DigiCo TSV1,DigiCo Townsville TSV1,DigiCo Infrastructure REIT,Colocation,QLD,QLD1,Operating,0.5,0.5,,DigiCo official Townsville TSV1 location page,https://www.digi-co.com.au/location/townsville-tsv1/,,it_load_mw,,True,verified_primary_it_load,Replaced council/directory source with DigiCo official installed IT capacity.,primary_url,A,True,1,No disclosed capex; downstream model fills estimated capex.
LEDC Tamworth,Leading Edge Tamworth,Leading Edge Data Centres,Colocation,NSW,NSW1,Operating,0.375,,,Leading Edge Data Centres official location page,https://leadingedgedc.com/dc_location/tamworth/,,gross_power_mw,,True,verified_primary_gross_power,,primary_url,A,True,2,"No critical_it_mw, so energy/load calculations infer IT load from PUE. | No disclosed capex; downstream model fills estimated capex."
LEDC Wagga Wagga,Leading Edge Wagga Wagga,Leading Edge Data Centres,Colocation,NSW,NSW1,Operating,0.3,,,Leading Edge Data Centres official location page,https://leadingedgedc.com/dc_location/wagga-wagga/,,gross_power_mw,,True,verified_primary_gross_power,,primary_url,A,True,2,"No critical_it_mw, so energy/load calculations infer IT load from PUE. | No disclosed capex; downstream model fills estimated capex."
LEDC Coffs Harbour,Leading Edge Coffs Harbour,Leading Edge Data Centres,Colocation,NSW,NSW1,Operating,0.3,,,Leading Edge Data Centres official location page,https://leadingedgedc.com/dc_location/coffs-harbour/,,gross_power_mw,,True,verified_primary_gross_power,,primary_url,A,True,2,"No critical_it_mw, so energy/load calculations infer IT load from PUE. | No disclosed capex; downstream model fills estimated capex."
