catalog_key,event_key,first_seen_at,last_seen_at,seen_count,last_bucket,last_tier,max_materiality_score,title,source,url,published,summary
nextdc ices 500m data centre bond deal after pricing disappoints,nextdc ices 500m data centre bond deal after pricing disappoints,2026-05-11T12:36:19Z,2026-05-16T00:04:06Z,4,ANZ DC,HIGH,0.920,NextDC ices $500m data centre bond deal after pricing disappoints - AFR,AFR,https://news.google.com/rss/articles/CBMiogFBVV95cUxPUU9wcW9hYnFEcVhUekRtenpJV3NYbDBVQnpIdlR4SFRBRldzLV9WNFdEMDNGVEtNMWRiWHBTTHBINUsxbnlfV2pCQThmTjVlaEIzSGozV1YyZHplRElmWlZETF91dUxWZHVRWjZEQWRwTGw2WE95UGRhQ05TRXJKOHVrR2w2bmQwY0lZTC12d3BzbnVHSW5VYjRVRWFlSTQyUFE?oc=5,2026-03-27T07:00:00+00:00,NextDC i
nscale pinches oracle data center lead sam huckaby to head ai infrastructure build out,nscale pinches oracle data center lead sam huckaby to head ai infrastructure build out,2026-05-11T12:36:19Z,2026-05-16T00:04:06Z,4,Hyperscaler CAPEX,MEDIUM,0.790,Nscale pinches Oracle data center lead Sam Huckaby to head AI infrastructure build out - Data Center Dynamics,Data Center Dynamics,https://news.google.com/rss/articles/CBMiygFBVV95cUxQTWZDZHlMM0oxUWF6TlBKaUlmcG1jcko3Q2J3T1NSeHpBa3VxejZlWWNrN2QxTHdxdjIzT0xqUk9qUDlPTEx2eVJ6MVZmTEZhb1RTYWxIel9ZQ0NkdTRfSFM4WlMyWm0zakJaTjVhZUdNdkRvWThaZV9iLTh6LUJkM3QzdHJ4V1NENDlHMU9LOTlmeFJycVhnODJNUGxhQnBNVU5aMnJBRExDQWhsZXVsNUh6c3dsYVVib1A5dkhNZzdIbzVMOXg1aGZB?oc=5,2026-04-29T07:00:00+00:00,
goodman-90mw-sydney-data-centre,goodman-90mw-sydney-data-centre,2026-05-11T12:36:19Z,2026-05-16T00:04:06Z,3,ANZ DC,HIGH,0.890,"Goodman files to develop 90MW data center campus in Sydney, Australia - Data Center Dynamics",Data Center Dynamics,https://news.google.com/rss/articles/CBMitAFBVV95cUxQWUMwa1V0aGdJNElWcl9Sam9DRF9mNU1UVTdnM0lxVFM1dFFVWTJVcmkwNkd5OUpDcFVyUkZMTnlRTFZwblh2NDBHUjhUMHgxOXpNMERyMENBNmJOODNJU2tVU2RuT0VpU1VaVHE0YW43WHpSM3JhNjBjUEV0ZHZ3X2lqS0F0OXVOS0gzdE8yMC1KRHVPa0Z5QXpsUTFBTnlOMGZfbDdnM0h5S2NsMHJicTR0c0E?oc=5,2026-01-21T08:00:00+00:00,
goodman-1gw-data-centre-power-bank,goodman-1gw-data-centre-power-bank,2026-05-11T12:36:19Z,2026-05-16T00:04:06Z,3,ANZ DC,MEDIUM,0.490,Australia's Goodman Group adds 1GW to power bank for data center projects - Data Center Dynamics,Data Center Dynamics,https://news.google.com/rss/articles/CBMitwFBVV95cUxORzVzSHlNSVk2QlBYM3NzbGZHdFJWSU04cVlBZXVtZkpld0FoQVFkMTVEUmk1M1JTQWxSWFNNVW9XYlFCcWlJLTRVTUJtVzZQYmNkWkNEZVlzanJwOUJ0WWFvYmx0cm1VSDFiZEhkU3lmUUQtTEtzd0ZJRURpOGJPSDlsa193QWdkQ3JoLWRqNzlSSGxPa19FSkZJN2dOa0UwcE92bjBvTUhqcERNc1ZnM2JHa1g3RlE?oc=5,2026-02-20T08:00:00+00:00,
infratil gains 174m on cdc data centres revaluation,infratil gains 174m on cdc data centres revaluation,2026-05-11T12:36:19Z,2026-05-16T00:04:06Z,3,ANZ DC,MEDIUM,0.490,Infratil gains $174m on CDC Data Centres revaluation - Capital Brief,Capital Brief,https://news.google.com/rss/articles/CBMixgFBVV95cUxQYmFOU296eHdGcm5vSUNuTUdJem5DMWlSWE1IZVhDYWJUdDdFR0tJYXg3bC1ET25GU25iSGZRaURKeWR3R21nR3ZkaUZBZGFsRWE5ODVHS0NqbUFpc0I0OXB0eUJkc1BTOTRpSzc4MjdVOEZNOHdjVEg5ZzlzYldyV0JMZFgxTThsY2h2d3BRUlFIaWpnQkRGaFdRWVRfM01ScjdCZFF4cmZmRFNEcThiZjYxc2pOdVdOc2s1S2xXQnNFRWYxVHc?oc=5,2026-01-06T08:00:00+00:00,
nextdc expands data centre war chest to 6 6b after latest raise,nextdc expands data centre war chest to 6 6b after latest raise,2026-05-13T23:45:56Z,2026-05-16T00:04:06Z,2,ANZ DC,MEDIUM,0.700,NextDC expands data centre war chest to $6.6b after latest raise - AFR,AFR,https://news.google.com/rss/articles/CBMirwFBVV95cUxQWlhOY00yU0NaMDItcnR1THFOMDJwLVhWODhxdFE2RE83ZUxRZ3A3a1k0X04tYlNqVlNHd25TUlU0ZXc0YndZOHktN2Zyci1tdWJ6UjFYSnl6TGtDQ1dnMnNQa2RJS3E0a0pkbDFUZzV2SzFfUm9IY0pHQ1FwdUdob3F6RXBQMGMzUXd4akktbzVJRVRHbzI3TUVZQ3lLS0VLWmR1aHRYSWFILWhBLTNj?oc=5,2026-04-24T07:00:00+00:00,
barrenjoey joins two others to advise on nextdc s 1 5bn raising,barrenjoey joins two others to advise on nextdc s 1 5bn raising,2026-05-13T23:45:56Z,2026-05-16T00:04:06Z,2,ANZ DC,MEDIUM,0.520,Barrenjoey joins two others to advise on NextDC’s $1.5bn raising - The Australian,The Australian,https://news.google.com/rss/articles/CBMi4wFBVV95cUxPcmZRSC1ubVBSdkpoZ0Mxdk9JRlJheUNpRVNfYjRfYmZCVE9mYzJudmJJUUZWQkVOWVNBeHpPZTgyWUFhR0FPYmxHZEdKVU9QM2N1NFA4ejA5MHhIMEE0am02bmlVRFZDSlZnT09sQVdxUW5JeTdDTjNKUU9faUpFOTVOVVduTXVtcXpzUXFpdTZOaXB2ak5zZWpCX005ZFN3cmd2dE4yNWJNN0Z4QzBIam1HVjNodFNNZ2lGRTJCQWduZFRpZng2VEVMREhzVUtySG92Z1pXbDZrVmNqUXhnbTRoWdIB6AFBVV95cUxQU1J4OU9Wb0JheHZrRE9sdWM0U25MNHZtcDRTUEstcHFla3A1MExGbk12TlJfLVlmanVUbXZvRDMwOUdJSzA2Qm5Hd3BqNU43eXZhVmRqZ1BuckxXa3hrM3FtMC1SV0diSjFfZGNKeTFyTXNlaEUtbGUzUTh1WXZPYW1ZeGhwNlJjc2pwakxjN2FzRXZQenVvWHZBNjFnRm9XZWEzdG4tRTFJLTZKTHJFMEc2YVl2TUhBcjdWNVpRTVNCNXNESTZTSlFOSmVjbEZVWmRfOE1aMWp1VmxJMFZIS0ptQmd0a3po?oc=5,2026-04-20T07:00:00+00:00,
nextdc plans 2 7b investments to meet data centre demand,nextdc plans 2 7b investments to meet data centre demand,2026-05-13T23:45:56Z,2026-05-16T00:04:06Z,2,ANZ DC,MEDIUM,0.520,NextDC plans $2.7b investments to meet data centre demand - AFR,AFR,https://news.google.com/rss/articles/CBMipgFBVV95cUxNTHRBempkbWhnS2dfeFRXREMwZm5BRWFIU0Zjd1lzajBKdmtCSmtaWDVsTVhZT0tNUHpBNWZtQnlzYU9fVnpIWnVVX1RxNVJVZUhITWZGR25ESlFhQjBSX29INXdMdWtLQmpqRERyXzdwUG5BSzhQUHljQ0pUYVZweTJmeC1HYUU4TW9ZOUJTcU40QVQ0b21MdndUNE84VUN3eGc0a2dR?oc=5,2026-02-25T08:00:00+00:00,Nex
airtrunk plans 5b melbourne data centre as it ponders asset recycling,airtrunk plans 5b melbourne data centre as it ponders asset recycling,2026-05-13T23:45:56Z,2026-05-16T00:04:06Z,2,ANZ DC,MEDIUM,0.520,AirTrunk plans $5b Melbourne data centre as it ponders asset recycling - AFR,AFR,https://news.google.com/rss/articles/CBMitwFBVV95cUxQcFBud0l4dGFWS1p4V0djdGhGRFMyY1B3UGhkZzZGQVVfdy02Vm9pUWp0dnMwZ0hwVlJNVHZpaWhiN0hjVjZhRl9PZDFUTF8wQkRZbnFPOFVXN2VQRHFJaVZIZkZXN09iUjZOeFlYQnI5RGt4TlJ1OGZpT0NLTGx4aFQ5SlUwQndkc1lhM0M3TjNuZm9OeEpZby1JeXBFcDQyVHRHNEVOSWc1T3VhM3pOZzMyYWtMdW8?oc=5,2025-12-24T08:00:00+00:00,
cdc-infratil-us-customer-contract,cdc-infratil-us-customer-contract,2026-05-11T12:36:19Z,2026-05-16T00:04:06Z,4,ANZ DC,MEDIUM,0.820,Infratil Shares Surge as CDC Signs Monster Data Center Deal - Bloomberg.com,Bloomberg.com,https://news.google.com/rss/articles/CBMirwFBVV95cUxOVUZfazRJWkNmNFI4NkE0eEFRcS1EeDY2aFhlSWlfSkV1N3A4cjdBY1JPdlZoNVVuaDZacmFlbFZHZU9wZTJPS1BNMkhoR1JKYk9OWHp0VjhwSHFRTzFNVlpvSzU4bmJlSm5YcFcyU3I2ZmRYZkRFSnhXam10bW1GTFlKZTQtYndOY1dueURvSzgydTJ2T2o2OUZRVTB3ZFVBc29UYTdOWlI3SWNZbEJz?oc=5,2026-05-05T07:00:00+00:00,
nextdc-openai-sydney-ai-data-centre,nextdc-openai-sydney-ai-data-centre,2026-05-11T12:36:19Z,2026-05-16T00:04:06Z,2,ANZ DC,MEDIUM,0.820,"Australia's NEXTDC inks MoU with OpenAI to develop AI infrastructure in Sydney, shares jump - Reuters",Reuters,https://news.google.com/rss/articles/CBMixAFBVV95cUxPMEVxUE1reGdDd2FhdWlweTdXZWdGZDladWlMcDl4d0FPOEZDOVVkcGM0d092U3FVZmxweWU1c3VZUDZBYjVIc3ZsMlV2ekRPRXlUWDMtbURFREhKT2l1c1BoTjJEbEdxQ2JSQTBtVzRUS2hXa0RuVU1DVFd5cXppQ2hSbldiMXB2bVliODA2bm84UEdHWjFQZFpSR2hUdS1CWkpZMEQtUmVtdzZ4OEpuTGFZaWRJNmxwTTZQeGlhWHVxX19T?oc=5,2025-12-04T08:00:00+00:00,
coreweave signs on as estruxture tenant for data center in calgary canada,coreweave signs on as estruxture tenant for data center in calgary canada,2026-05-16T00:04:06Z,2026-05-16T00:04:06Z,1,Supply Chain,HIGH,0.915,"CoreWeave signs on as eStruxture tenant for data center in Calgary, Canada",DatacenterDynamics,https://www.datacenterdynamics.com/en/news/coreweave-signs-on-as-tenant-of-estruxture-data-center-in-calgary-canada/,2026-05-15T12:20:00+00:00,AI cloud firm to take capacity in eStruxture's new 90MW facility
anthropic closing in on 30b raise that would top openai s valuation,anthropic closing in on 30b raise that would top openai s valuation,2026-05-16T00:04:06Z,2026-05-16T00:04:06Z,1,Frontier Labs,HIGH,0.870,Anthropic closing in on $30B raise that would top OpenAI's valuation - Yahoo Finance,Yahoo Finance,https://news.google.com/rss/articles/CBMiogFBVV95cUxPalo3OExDVGFvMnZsQjVLc0ZSVEVvY2tISjcwSm5fNXhmTENGLTl6cFpVX0RoRnNwMFZzVE5kcWN4MDBDQm9aQXpockhJM1JwaHAxbThVWGt3STc3SW0yY01zbTRRNUttMFFXeTFuT1NKVGdTNS1nTTVvdVJLcnRtUWpPRTc4OEp3SUJnZzVZa1REVlE5TDRHM1RZVTE3NXJWQVE?oc=5,2026-05-15T15:20:00+00:00,Anthropi
anthropic hits 900 billion valuation in latest 30 billion funding round,anthropic hits 900 billion valuation in latest 30 billion funding round,2026-05-16T00:04:06Z,2026-05-16T00:04:06Z,1,Frontier Labs,HIGH,0.858,Anthropic hits $900 billion valuation in latest $30 billion funding round - Shacknews,Shacknews,https://news.google.com/rss/articles/CBMie0FVX3lxTE83LVBzNlNLbWZxNGRmdEJFYkdiaEVhTU0xcXN0RGtfSmxzMVZ3Nmk4MEdIR3Aybk5fanhQV09Ib3JzLXVBb0wzWFB0aGxzOFlJcFMtcElqRTdMMWdhbWhMNlpyQmphbjFQeDVRTHZQMjNwWjQ5RmtfcU9BNNIBiAFBVV95cUxQV1VOYzVmYmJUMVd3ZTRXVDlBV3VmWG9MQm1oLTNJTmxUN3dLeXpURDRacnpuczhpMGNDZjFWYUtrOEhNazlQXzQwZms1SWhpQ0ZwckJ2M1FLTjZGVkx0eC0xMGlTMnR5blc3dTJKbjkzaHI2aGlBZ2lNNm9ndDktX25mSERPaDRR?oc=5,2026-05-15T14:11:00+00:00,
anthropic s valuation nears 1 trillion as investors race to back ai revenue surge,anthropic s valuation nears 1 trillion as investors race to back ai revenue surge,2026-05-16T00:04:06Z,2026-05-16T00:04:06Z,1,Frontier Labs,HIGH,0.858,Anthropic’s Valuation Nears $1 Trillion as Investors Race to Back AI Revenue Surge - PYMNTS.com,PYMNTS.com,https://news.google.com/rss/articles/CBMi1gFBVV95cUxNM2lpS1ROZGdDQzRhSUFXZUJYT1NETmNGcWxlaXFjbXZJRGtpUW43S3F0eXFzN2RNOHA4OHY4WHJnOW5KblFWVDZOUUZITHkzNUJxeDV4ZmhHdU44LU1aWFpKUThyMHZwSXU3Mm92d1l1ZDBZd1JBaGY2M1I2X3hJOEJNQmxxaWFKMk5FQjlNVjJSQVNZTkp5MUV6VS11RWwwYUplS2pyU1dSNUp1TmNDQS0zc3IzTkt1RGZGWXU1WFoxOWZJMFJhT3JqQm1jTkoyV0FQd0RB?oc=5,2026-05-15T14:04:51+00:00,
anthropic is closing in on a 30 billion raise that would make it more valuable than openai,anthropic is closing in on a 30 billion raise that would make it more valuable than openai,2026-05-16T00:04:06Z,2026-05-16T00:04:06Z,1,Frontier Labs,HIGH,0.856,Anthropic is closing in on a $30 billion raise that would make it more valuable than OpenAI - qz.com,qz.com,https://news.google.com/rss/articles/CBMiggFBVV95cUxPeXBIdFVaaVFibk5TOUlVaVdlREFfMTVZa0dIbzdfZEtTOXVmX1FXU0dYMnhqQ0ppTkF0S1ZYSmlBUWhzVG5jbk1KMkVMUzJvamF6TDR5anFHTVBpZEdFc2JZYmF5NUViVFdWeS14dGlTZXR5cGtQQjFZVUNiQTcxc0tn?oc=5,2026-05-15T12:32:29+00:00,Anthropic is closing in on a $30 billion raise that
google files for data center campus outside richmond virginia,google files for data center campus outside richmond virginia,2026-05-16T00:04:06Z,2026-05-16T00:04:06Z,1,Hyperscaler CAPEX,MEDIUM,0.798,"Google files for data center campus outside Richmond, Virginia - Data Center Dynamics",Data Center Dynamics,https://news.google.com/rss/articles/CBMiqAFBVV95cUxQTnh4TUl5a21XTk1HWC1pMllIbmR5RW9WcHZXVU1NRWw3QS1BdER3NjJTLWZLbTN0czkxcHdzakMzenZjS1lWNmNiMWZwcEpmeUVWNlFpZUgzMzd0Xy1OM3dWTnBSZC1lTEFwQ3d0a1lDU1JsUWtvQ29VVm5vWlFuaVlFWnROaUhtX1gyWW5zRi1abTZmZ1ZfSXFvU25EOF83WGlhbmFVSTI?oc=5,2026-05-14T15:59:21+00:00,
airtrunk set to buy planned 1gw data center site in western sydney australia,airtrunk set to buy planned 1gw data center site in western sydney australia,2026-05-16T00:04:06Z,2026-05-16T00:04:06Z,1,ANZ DC,MEDIUM,0.490,"AirTrunk set to buy planned 1GW data center site in Western Sydney, Australia - Data Center Dynamics",Data Center Dynamics,https://news.google.com/rss/articles/CBMivAFBVV95cUxPby1RdXo2MzUySTRmWi1ZVmZlNVVET2w1SDNQYjNrV09BQV9uX1R3eGw5RzBHQWdNaE05Z2UxRE9HenpJajhwZ1NWRC1RX3lTbmNkNzFUUzludHBZZ2NwaGF5b1Q2TVBOSV8tZ3Vac0Q1MXpEblp2N1JQZ3B6cjFTWVdaeHhkWW5RMWdqUmxVR3prQ3ZFSW1HQzZER01CT0V5cXlrTWRkNHZ0NWRkakhMNXQyR2hOZU1Tc0Y2cA?oc=5,2025-11-11T08:00:00+00:00,
nextdc lands 1b for data centre build out with 100 year bond,nextdc lands 1b for data centre build out with 100 year bond,2026-05-11T12:36:19Z,2026-05-13T23:45:56Z,3,ANZ DC,MEDIUM,0.520,NextDC lands $1b for data centre build-out with 100-year bond - AFR,AFR,https://news.google.com/rss/articles/CBMiqwFBVV95cUxNX1VMSDZJdDBkcm5PN1JVRlVvM3ZTS1N4S2NhVmNQa1Q0Y1ZkN3NrNlg2dFdzUXFxblZYSDZfeVVIdU1OdkIybDJzMURDVm5FNVV6WERVZ05ycmdtbDlYNV85dU13eDl0R0k0c08xSU9WYlJXc2Z1dWR3bURZQ3BsajcteUpGYWVQRVZfdzJTY0V5MVBPSkFod0tYOXVrSi1zN3R5eGFTdU5xeGs?oc=5,2026-04-07T07:00:00+00:00,
nextdc receives development approval for m4 campus in melbourne australia,nextdc receives development approval for m4 campus in melbourne australia,2026-05-11T12:36:19Z,2026-05-13T23:45:56Z,2,ANZ DC,MEDIUM,0.790,"NextDC receives development approval for M4 campus in Melbourne, Australia - Data Center Dynamics",Data Center Dynamics,https://news.google.com/rss/articles/CBMiuAFBVV95cUxPaDBBWVdidFN0MDlWUE9GWWNXaEJlUjd0Z2JUYlB6OVRjNklBUWlVbmVTX3dIMGdWSDYwSVpqNlBFeUdYTGlRZTk4WmtTODZvZzZ0bXV4S0FfSERWTWpncUFmV2Q5VldNalcyV2QwWFdlSFA5VTY0NnhkWnhzMzI4Q1dTLUZjMEJsYXFjZ0dXS2I5dmlrRVJjNU5Xa0tyZ0hBSzB2RVB6UHNzTTZTWDd4UDNLNVdRY1V6?oc=5,2026-01-19T08:00:00+00:00,
infratil s cdc stake hits 8b as datacentre expansion drives valuation surge,infratil s cdc stake hits 8b as datacentre expansion drives valuation surge,2026-05-11T12:36:19Z,2026-05-13T23:45:56Z,2,ANZ DC,MEDIUM,0.680,Infratil’s CDC stake hits $8b as datacentre expansion drives valuation surge - BusinessDesk | NZ,BusinessDesk | NZ,https://news.google.com/rss/articles/CBMiuAFBVV95cUxNTE1JSlBqZ1BOWlRHSzZQTlVzX293Wks5ZVJlcnlCODhVeUkyME5fTERmaUp1MjIxRTZSSEp0dzRoamN1SzZwNG9uYmZFWF96RFZ2bW9PX0s0c2p4TVVhdmR1YUVmVE1ENjV6Z2tKbllFTUdJZ3o0Wi1naU1pWTNVT1I5QUJ3UlcyYUJYQ3FIVU8yYmVnS1NiWHdJb0FiUHhzZzBtekJOeTUwNjFfcy0yNXBiYnphSnJx?oc=5,2026-01-06T08:00:00+00:00,
watch anthropic in talks to raise 30 billion at a 900 billion valuation,watch anthropic in talks to raise 30 billion at a 900 billion valuation,2026-05-13T23:45:56Z,2026-05-13T23:45:56Z,1,Frontier Labs,HIGH,0.933,Watch Anthropic in Talks to Raise $30 Billion at a $900 Billion Valuation - Bloomberg.com,Bloomberg.com,https://news.google.com/rss/articles/CBMiqgFBVV95cUxNcEd5WVhpUzd6VElPWjA5U1REdXBCRmIzTnJTWlNzTE5QMTdkTFdxZVFBS09lUkNtWGpnZUJTUDdkY2c4S1JwaE41djNNS3hpa056bnhOd2xPbVBLYkcwSmV6OWZoeEQ4Sm9FOUdzdzdPd1MwVXNTZkEwVm5lQ2Zia1NkZEVUUnhLZDQ3V3ZqMEVVU25TTFRYOXNqZjJGeURwYTZpU05yZnc5dw?oc=5,2026-05-13T00:00:00+00:00,
anthropic in talks to raise 30 billion at 900 billion valuation,anthropic in talks to raise 30 billion at 900 billion valuation,2026-05-13T23:45:56Z,2026-05-13T23:45:56Z,1,Frontier Labs,HIGH,0.931,Anthropic In Talks to Raise $30 Billion at $900 Billion Valuation - Bloomberg.com,Bloomberg.com,https://news.google.com/rss/articles/CBMitAFBVV95cUxPandyN0RYY1Q3VFktMm9UaDE3ZjJzRW11TFVzd2RPS3oyZnhIREJ2OTFxNF9RTXFkdjBTdjRQOGhsZk80WWFzYXFvNFhLMlJNbG0wOEE2dEVoSHU1OUVaTU1UUWNRRlZrTUNIZ0RoX3ItQ3NKNUhDMm9uM0l6ZXRaR3RnY194Rkg4bl83aWpzcmplVjV4dXFCdlR5YjFUQnMwWU45RTRnLXl4V0FqSlJRaU9ibUU?oc=5,2026-05-12T21:08:04+00:00,
anthropic in talks to raise funding at a 950 billion valuation,anthropic in talks to raise funding at a 950 billion valuation,2026-05-13T23:45:56Z,2026-05-13T23:45:56Z,1,Frontier Labs,HIGH,0.875,Anthropic in Talks to Raise Funding at a $950 Billion Valuation - The New York Times,The New York Times,https://news.google.com/rss/articles/CBMilAFBVV95cUxNVXlYUDFLdEJoaFFQTktLaFJiUkNtY3dLa3NMc2ktVmE5ODM4alJtd0lQd0VaSVM0UHBtNk03V3VobnBUM3lveV9oTnA5TXdBRTJTQ2M3cnplNlFaZEJtZ2tqa3pPWU1oenE5Q3E4LTEzUGRkVmd3ZTROVlFueC1RZ29qdGVSM1hGMDk2ZnJFWmNlQ3ZJ?oc=5,2026-05-13T21:55:00+00:00,Anthropic in Talks to Raise
anthropic in talks for funding at a valuation as high as 950 billion which would make it bigger than openai,anthropic in talks for funding at a valuation as high as 950 billion which would make it bigger than openai,2026-05-13T23:45:56Z,2026-05-13T23:45:56Z,1,Frontier Labs,HIGH,0.862,"Anthropic in talks for funding at a valuation as high as $950 billion, which would make it bigger than OpenAI - Sherwood News",Sherwood News,https://news.google.com/rss/articles/CBMi0AFBVV95cUxOT0lLYU4zOThoaTU4LTZGNl9WTURud2xLZ2QzRzBDc1VLSHRtQUdwUG1lUUZBU1lmM1Y0Y3lDSGwzaHd3QXZMdE5pUVhxQ1lQOUNqcjNlWWJkR1RTTU0tSDZrV1B2ZVVtRkVmWmFYb2YwRmV3Y3Y5bG1YR09sV2xwSm4xVnl3TV9zMHp1RXBiMFU4UllYUEhkdFluTWdsUzdhZFFVX2drVmlQVWtUVGliSWNTLWFsS3QxcVZkNFFpZHNfR2MyQ24ycDFENXNiMkxS?oc=5,2026-05-13T16:10:55+00:00,
anthropic eyes 30 bn raise at 900 bn valuation higher than openai,anthropic eyes 30 bn raise at 900 bn valuation higher than openai,2026-05-13T23:45:56Z,2026-05-13T23:45:56Z,1,Frontier Labs,HIGH,0.850,"Anthropic Eyes $30 Bn Raise At $900 Bn Valuation, Higher Than OpenAI - BW Disrupt",BW Disrupt,https://news.google.com/rss/articles/CBMiqgFBVV95cUxQdDF2MkxPaVlRREtuRkx2b0pXelRzRzVEdXlGSnd6UXZvSkZYRUFNS3EyVTk5ZThOWGczdzFvNTdnUTF3MVN3VWJXRjJSdzJSYXJMa2xoaGMwWGxoRF9Cc213V3k5bHAzcVZqTU1GX055RFZRaUxlR2F4a1pFcWg4R0I4Y21za1V2VUpTU1ZoN3FZRXp4X3ZSRmhveXZZQWh1SWRYN2dzR09wZw?oc=5,2026-05-13T07:33:26+00:00,
amazon signs first geothermal deal with nv energy to support data center operations in reno nevada,amazon signs first geothermal deal with nv energy to support data center operations in reno nevada,2026-05-13T23:45:56Z,2026-05-13T23:45:56Z,1,Hyperscaler CAPEX,MEDIUM,0.796,"Amazon signs first geothermal deal with NV Energy to support data center operations in Reno, Nevada - Data Center Dynamics",Data Center Dynamics,https://news.google.com/rss/articles/CBMi2gFBVV95cUxOREYxYkYzLUx6cEc2MDZZMWR2NXBxRmIwNEVIN0lNbkN5RVNzZFhZM2wyWk9OY0xWZ29zS3p1bFFna1YtVlM4aC1oNHNodGR1SjAxYnJpdHp5UTdTTTQwRG5uQTBzYTJPazhmY0ktOVpKaUtNSmxOT0U1M0cycVMyUmdzY1VWVXpvMlAyLXJuY2l5Z0VEdTQ3aFF1a1lETVFBRUpwNXNteHVHWmFDNDdnUjIzX1dUemZwR2JoLUxuM0ZyWnAwMklFWmJIdlV3S0RpS2NOSmlRNUtLdw?oc=5,2026-05-12T10:14:21+00:00,
cdc data centres preps 5b debt package eyes equity raising,cdc data centres preps 5b debt package eyes equity raising,2026-05-13T23:45:56Z,2026-05-13T23:45:56Z,1,ANZ DC,MEDIUM,0.520,"CDC Data Centres preps $5b debt package, eyes equity raising - AFR",AFR,https://news.google.com/rss/articles/CBMiqgFBVV95cUxNZUFhR3MzRUtRNU5GdE5WNFNGbFBoNEFac0VJMTJYTldrMnI5eUpOcThiT1g2ekswRlB5dG9XMGFaRENmbEtpSlNjUWhzVzl5UDRTRXJNemx0T2h0YjdORVBwTWdLemRuaHY3VVViNl9Ma0hhaWlRQTYzajdVbjZ1OF9DVnRwaG5fVlZUWEMwV0ZGWEpocEwyOHVOd280clE5T2FuWk0zblJRUQ?oc=5,2025-12-15T08:00:00+00:00,
deepseek to raise more than 7 billion as startup plots revenue efforts,deepseek to raise more than 7 billion as startup plots revenue efforts,2026-05-11T12:36:19Z,2026-05-12T02:34:26Z,2,Frontier Labs,HIGH,0.920,DeepSeek To Raise More than $7 Billion as Startup Plots Revenue Efforts - The Information,The Information,https://news.google.com/rss/articles/CBMimgFBVV95cUxPRFNvcGFjNE5MR2RBVGt3MnJuYU5kSHZSQWpQTnJrVmh3aDJjcXA0NVQ2NGlCNjFNdm5BcmlIb29PX3FlNGoybloxaTZrQlZKM1U4UTg1b1JHcTNnRF9KNlVMQ1MzVU9xdUp5YUktQjBPeU9vaWJHS1l4bjNzWnNtX0RrNEJPSzN3aFAxSTB2N0NKX21kUFMwUmtB?oc=5,2026-05-08T03:40:00+00:00,DeepSeek To Raise M
apple-cleanmax-150mw,apple-cleanmax-150mw,2026-05-11T12:36:19Z,2026-05-12T02:34:26Z,2,Supply Chain,HIGH,0.917,Apple signs 150MW renewable deal with CleanMax in India,DatacenterDynamics,https://www.datacenterdynamics.com/en/news/apple-signs-150mw-renewable-deal-with-cleanmax-in-india/,2026-05-11T02:10:34+00:00,Alongside two other sustainability-focused initiatives in the country
google confirms 1gw data center campus near detroit michigan partners with dte energy on 2 7gw power generation,google confirms 1gw data center campus near detroit michigan partners with dte energy on 2 7gw power generation,2026-05-12T02:34:26Z,2026-05-12T02:34:26Z,1,Hyperscaler CAPEX,HIGH,0.890,"Google confirms 1GW data center campus near Detroit, Michigan, partners with DTE Energy on 2.7GW power generation - Data Center Dynamics",Data Center Dynamics,https://news.google.com/rss/articles/CBMi6gFBVV95cUxQNU9DdVYtOUNWRTE3dUg5UUtCYkpqdGQ2Um1aWXFjMEZGZi1BRUs3Uk9kNDhVRmRuSWwtbHl2VWtzanJaZ0R1bmV2eUZsMEgxVm91UnE4VlhCYW9kemV2SkoxdzFCeWxpNnVaTEoxVE9TREJSX0xqQXNrRmhibU82Sm4tWmdTdzNwSzJXVVpXVW8ydmN6bHpFSUc3UVV6ckFCbGI2Y0t6ZG1Ua0FQM05iT1VnTFdqeHJWdlNaZE14MGRnVDdHcHZ6cENkWUZ5OFNVOU1Jd2xlQm5na3dTNWRzcFFaaENYNDdaLVE?oc=5,2026-03-17T23:00:00+00:00,
canada s bell announces 300mw data center campus in saskatchewan names coreweave cerebras as customers,canada s bell announces 300mw data center campus in saskatchewan names coreweave cerebras as customers,2026-05-12T02:34:26Z,2026-05-12T02:34:26Z,1,Frontier Labs,HIGH,0.890,"Canada's Bell announces 300MW data center campus in Saskatchewan, names CoreWeave & Cerebras as customers - Data Center Dynamics",Data Center Dynamics,https://news.google.com/rss/articles/CBMi3gFBVV95cUxOb29pcl9KSE11VFV2clg1c3Q1X3ZBZ2Z4OE5oQjhZQ28ycC1UYkZOTExZdFpFTkVXN3dCRW1IV0VHZHA4SnRNTVRrVHJGc1F4Nmw1WVFhQ2RYdjNUbWtKQXJOTEN6MVdRdDVObU1qUHlQVUJZMl9jb1VkckJJT2FLNklMWU1Qckg0d0dRY3gwa0dnUHEyRUlteFQ3NzV3dHEyYTlaazd3MHhPaFdJbGN6SXdkSVBWQU5Ob1MyeHRacWRhU05wc2w0VWJ4Z1drZll3NGY1TVpkQ0V6eVpTRHc?oc=5,2026-03-15T23:00:00+00:00,
samsung and amd sign mou for ai memory collaboration and foundry partnership,samsung and amd sign mou for ai memory collaboration and foundry partnership,2026-05-12T02:34:26Z,2026-05-12T02:34:26Z,1,Supply Chain,MEDIUM,0.790,Samsung and AMD sign MoU for AI memory collaboration and foundry partnership - Data Center Dynamics,Data Center Dynamics,https://news.google.com/rss/articles/CBMivAFBVV95cUxPSVNnTUxhb0dVQUo1UnV0LVMtc0RVcWpRcHpQYXlYTjhqWEE1ZVVQdXU0NG9sTG1VT1JtRWZzaDd2V3BWa0daMkhBVi12Mk5JOWhuU1pyaV9tejR3T0tYNER2X3g1MVBGdFFaaFVZdlVfMG1CQnRsbUNISGZKS3J3ZnRKbG1lYWYtT2luYl9YOEhYcUFBeTNaTmIxSDJCOTFaU0lscENiR1N5RnFDZE1faUxKUGV2MkxUcW5uSA?oc=5,2026-03-17T23:00:00+00:00,
meta boosts investment in west texas ai data center by over sixfold to 10 billion,meta boosts investment in west texas ai data center by over sixfold to 10 billion,2026-05-12T02:34:26Z,2026-05-12T02:34:26Z,1,Hyperscaler CAPEX,HIGH,0.920,Meta boosts investment in West Texas AI data center by over sixfold to $10 billion - CNBC,CNBC,https://news.google.com/rss/articles/CBMipAFBVV95cUxQQzlUNzhaWENtQV9WLW1FTVBXYTVJT1JXWUY2VGdyQTBDak5feTBqdXJYWWlMVE1ubDJZSGpzVno3dEZ0TVpkYkNzS2F2Z0NMd2Q1V2h0UURmRjRueXhZOUdZSHRrV2tENWRDNlJyWnpMaUpjQTdXVlIxbHpVcEJWc2RfZnh6UkJsOU02ajV6QVpTZkpIUTJVTWdOYzNGaFp2NVJnZdIBqgFBVV95cUxPQ3dkTE9xS3oySy1mOW02T0swWDlieDRsRkgxVGk5RG1JSzNnUXJrTU9IQS1GNVdLeGhxallaN3dya1Q3ZF9rbG9QWDBqeHB0TG5LYkt6MVd5WHo1YktqcnNac2FKdzRZOWNYNHEyNGlNdVdXTEszVmZnWU1VRnlBZzBHN1ZQXzNtdFhBOWdiTWh2UTBONmJaQndNWlBIQ1dQaXdiN0dNZmc0Zw?oc=5,2026-03-25T23:00:00+00:00,
openai raises 122 billion to accelerate the next phase of ai,openai raises 122 billion to accelerate the next phase of ai,2026-05-12T02:34:26Z,2026-05-12T02:34:26Z,1,Supply Chain,HIGH,0.950,OpenAI raises $122 billion to accelerate the next phase of AI - OpenAI,OpenAI,https://news.google.com/rss/articles/CBMiZ0FVX3lxTE92bDc0Y3Myc2RjdHlZVUNEdVN4SjMzZVJlcjRVR3V1UzRCT3NqRHdkbXp5dFdUdUpUcUdGYVVoNS1DX0xUbHJSYXpDbkRTYnpGbGVwMFl2RTFsWmp2N0RvYjhZOW1NWTg?oc=5,2026-03-30T23:00:00+00:00,OpenAI raises $122 billion to accelerate the next phase of AI &nbsp;&nbsp;
coreweave raises 8 5 billion gpu loan backed by meta deal,coreweave raises 8 5 billion gpu loan backed by meta deal,2026-05-12T02:34:26Z,2026-05-12T02:34:26Z,1,Frontier Labs,HIGH,0.920,CoreWeave Raises $8.5 Billion GPU Loan Backed by Meta Deal - Bloomberg.com,Bloomberg.com,https://news.google.com/rss/articles/CBMiswFBVV95cUxQOGJJa2l0aUJyWm1TMURlVFBRemJCWUtmWkNMb1JnX2Q4TUZZYkhZaTRQUG5uYWZLU2RHVnlFNl9yZVpmUVJ2RXRDZ3NrLTBjLTBCejZJdDQ3NTVhc21XLVI1UEtSQ2JOdEVUSnZsVDlZVVhmLTFGaXllTnpqVjNCVFpiUExwcmRTeXJsUUFmNFFnYzBseDFpUWRBeWlvUjZES0lpdGEwWjdFNExFZ2ExOFBMZw?oc=5,2026-03-30T23:00:00+00:00,
poolside hunts data centre partners after coreweave deal falls through,poolside hunts data centre partners after coreweave deal falls through,2026-05-12T02:34:26Z,2026-05-12T02:34:26Z,1,Frontier Labs,MEDIUM,0.820,Poolside hunts data centre partners after CoreWeave deal falls through - Financial Times,Financial Times,https://news.google.com/rss/articles/CBMihAFBVV95cUxOQjBLVURHelVuRlByNExGelB1MzJZTXZwbVEzWG8yaEV4NDJMN0Etb251X3kxUlo2Wl84V1lycTU3bGVlYV80T1VqSnRqem9hZjVsMzAwUTBBRmlWN0tIX1hiUmdCY2JmdF84N0h6b1RwMHpNRkNFMFV2YUdwaVlkeGxzcGk?oc=5,2026-03-31T23:00:00+00:00,Poolside hunts data centre partners after CoreWe
poolside seeks partners for data center in texas after coreweave deal falls apart,poolside seeks partners for data center in texas after coreweave deal falls apart,2026-05-12T02:34:26Z,2026-05-12T02:34:26Z,1,Frontier Labs,MEDIUM,0.790,Poolside seeks partners for data center in Texas after CoreWeave deal falls apart - Data Center Dynamics,Data Center Dynamics,https://news.google.com/rss/articles/CBMiwwFBVV95cUxONTlKeldwd1JQSW9jVUh2SFlmalZ5TWxUQmt6dEFVTnhFYXpFRV9YQ0NWZHREczRrSDVVc19vRTVaZEtjeU9GMlNpdW5RWlZUWmJnRnF1RExjSUpWSmcwZ2FLT0VPMmxaMXZGcTROQlZEampNZnVWc0dmeENGT3pqRUFNTzRtd19PaGdMU3FLTzJrV1Y1NU1jeTd6eTQxenNEUFAwemp5VXMyMXp0T2V3Q0ZGWFp3RnJ5Q2xCRl9xWlI4Um8?oc=5,2026-04-01T23:00:00+00:00,
meta coreweave deepen ai cloud partnership with fresh 21 billion deal,meta coreweave deepen ai cloud partnership with fresh 21 billion deal,2026-05-12T02:34:26Z,2026-05-12T02:34:26Z,1,Frontier Labs,HIGH,0.920,"Meta, CoreWeave deepen AI cloud partnership with fresh $21 billion deal - Reuters",Reuters,https://news.google.com/rss/articles/CBMimwFBVV95cUxPTllDZkRPeFVaT0V2S2I2bVVyVURKaXFKWExaY2pTNUJhTWUtYzlaZ1cwYzdFdUtDaFJQOFJVcnA2d1kycW1zd2RyX1Y2amNFOTdsS3ZWRW5CQXB1OHl3dHVlMHhrcFBqdzNndVpDSGZLYlh0Q19QQUhVelN0cF9IYURHbEVNdGRWOVoyc0Q2cHV3QWZTWEd2bFJtWQ?oc=5,2026-04-08T23:00:00+00:00,"Meta, CoreWeave d"
meta signs 21bn ai infrastructure contract with coreweave,meta signs 21bn ai infrastructure contract with coreweave,2026-05-12T02:34:26Z,2026-05-12T02:34:26Z,1,Frontier Labs,HIGH,0.890,Meta signs $21bn AI infrastructure contract with CoreWeave - Data Center Dynamics,Data Center Dynamics,https://news.google.com/rss/articles/CBMiowFBVV95cUxPVUJTMWwycWxUYUlCWlNUSWYyckhHWTJWRXE4UmtraFRNZVA0QUVEZDlQdlB1cmtNU05DczBlVWdXR1RKbTRkUzRaWndOZ0wtRmswZGFiN0xNS0toMEFlb19qa2E4QkZ0R0NBNWsyZENWRDg5alF5SlJOdjdobk9QZ2NFWk44d2VwdDF6dDdEZFpKV1FkVjVHbHlVckNKUklsRlBn?oc=5,2026-04-08T23:00:00+00:00,Meta si
coreweave anthropic form ai cloud agreement,coreweave anthropic form ai cloud agreement,2026-05-12T02:34:26Z,2026-05-12T02:34:26Z,1,Frontier Labs,MEDIUM,0.820,"CoreWeave, Anthropic Form AI Cloud Agreement - WSJ",WSJ,https://news.google.com/rss/articles/CBMihwFBVV95cUxPQV80REVZTDczMVBURXd2YkdfSEZFNGZfejZrelp6TGhVU3Z5LVpaSDMtZV9DZGo3Wk5TSVFrOVo1T1drY1hfN3BDQ2RHUkFYX2pDRGwzcEV2MGYwc1lwcm40UWdidy1vRXN4YTFMZTZId09mZTFTYnBrVmQtcHpOYnNoLXlLUDg?oc=5,2026-04-09T23:00:00+00:00,"CoreWeave, Anthropic Form AI Cloud Agreement"
coreweave strikes ai cloud deal with anthropic shares surge,coreweave strikes ai cloud deal with anthropic shares surge,2026-05-12T02:34:26Z,2026-05-12T02:34:26Z,1,Frontier Labs,MEDIUM,0.820,"CoreWeave strikes AI cloud deal with Anthropic, shares surge - Reuters",Reuters,https://news.google.com/rss/articles/CBMitAFBVV95cUxNLXZwd1Q2eUVjeEE1cFFuLUxWMkZ4YmtYTG52UkQ5WTlhRnF5bFN3dDl5cjh1OHJGR1M2UC01MnZPYVhnNnNFaGtmQnRJX2hnS1BkTVE5N3ZnMjBpYWNpeW1TZTFoUThISHlXNHRWUkJxZ0ZFSXdkZGR0RG1tdGZmZE94MW9rdGx0TlhiWDRvNkFHZjV0QW1raWxZSkUzV1lmUnhpSlFrd2JGbkZOUDlBS1JTb3I?oc=5,2026-04-09T23:00:00+00:00,
intel s emib t packaging technology set for fab rollout this year as tsmc cowos capacity remains limited emib t is preparing for advanced ai accelerator designs,intel s emib t packaging technology set for fab rollout this year as tsmc cowos capacity remains limited emib t is preparing for advanced ai accelerator designs,2026-05-12T02:34:26Z,2026-05-12T02:34:26Z,1,Supply Chain,MEDIUM,0.790,"Intel's EMIB-T packaging technology set for fab rollout this year — as TSMC CoWoS capacity remains limited, EMIB-T is preparing for advanced AI accelerator designs - Tom's Hardware",Tom's Hardware,https://news.google.com/rss/articles/CBMipgFBVV95cUxOVXA2WmFoaURpenhBdHpyaGNmeDc5NEFOODhkWklMTWU2Z0pORTNoWlNoQ2x5TnVUOGtHcXRxakxUQXNrRDUxUVktaXFib29fLUszbDNBOHJXUncydmdVQlRHY0tfRVRBVTUwbkNMUmFNMUJxUHcwUnJienJ4cmM3b1cwNUdjTm1XakNvSzlJelRHdjRFRDE1VzRHQl9tWXlxSm03Ymx3?oc=5,2026-04-08T23:00:00+00:00,Int
coreweave notches 6 billion ai deal with an unlikely customer what it means for the stock,coreweave notches 6 billion ai deal with an unlikely customer what it means for the stock,2026-05-12T02:34:26Z,2026-05-12T02:34:26Z,1,Frontier Labs,HIGH,0.920,CoreWeave Notches $6 Billion AI Deal With an Unlikely Customer. What It Means for the Stock. - Barron's,Barron's,https://news.google.com/rss/articles/CBMilwFBVV95cUxNZXRjckhhd0QtbFJBbUt0RU16WDgyX3RQQm54RzF1a3k5aVlTRXZMd1I3TlotNTBoUlI2RnhpeGh1LVZYSVRqNE5majlUdWE3NXhqWnNBREd4QW5tcURJOFV3TTBoUFlucFpEMXJxV0ZwLVBiQ2lfYTlIZDIyTXZtemQwWlU1cUNUX0lDandoQ0MybDh1X1dv?oc=5,2026-04-14T23:00:00+00:00,CoreWeave Notches $6 Bi
jane street signs 6 billion ai cloud deal with coreweave boosts stake,jane street signs 6 billion ai cloud deal with coreweave boosts stake,2026-05-12T02:34:26Z,2026-05-12T02:34:26Z,1,Frontier Labs,HIGH,0.920,"Jane Street signs $6 billion AI cloud deal with CoreWeave, boosts stake - Reuters",Reuters,https://news.google.com/rss/articles/CBMiwwFBVV95cUxOZmo0SGRjTTRtTVE5Nk1aRkVqUF8yYXYxQW1XZXUyUEg2ZFlodlJ1RlFvY0JBZVljVTM1a2dDZzN2dTJJbXhZaFc0bVg3X3paU0RwczVIYVRWd1pCSVlTTjJzUU9qQmEwdjRXZVJoY1BtRElJMzF5LXJTSlJWOHFUYmgtOUpUTUdlTFlhNVRoUVhYQi1KZEg5STJJa01RRUVVQTlEeGVQUTVUTWp2S0RteTZPMm85WGd6SkVha3hOcWdkTzg?oc=5,2026-04-14T23:00:00+00:00,
oracle expands fuel cell supply deal with bloom energy to 2 8gw dcd,oracle expands fuel cell supply deal with bloom energy to 2 8gw dcd,2026-05-12T02:34:26Z,2026-05-12T02:34:26Z,1,Hyperscaler CAPEX,HIGH,0.890,Oracle expands fuel cell supply deal with Bloom Energy to 2.8GW - DCD - Data Center Dynamics,Data Center Dynamics,https://news.google.com/rss/articles/CBMiqgFBVV95cUxNd2l1bVhWa083b18taVdfSmxvbHd6bFJXc3JxYnpIQ0EtemZYTVJ6ZGFQYjBaN1d1MzAwQ050T3NybDZpSnFFZWZnVFJBRUlkLVdBQU9aemEwd0lTeWEtY3RRNExjdDNGNjI5VHR6aWw2V0x4QVVSM18xMVQzem16Ulo0VGZoOFdJX2xYeWJINEZuVDZHVG1sRy1nX2c2MVZwZUJ2anFKU3k3dw?oc=5,2026-04-13T23:00:00+00:00,
microsoft commits to multi billion dollar investment in ai infrastructure in ontario canada,microsoft commits to multi billion dollar investment in ai infrastructure in ontario canada,2026-05-12T02:34:26Z,2026-05-12T02:34:26Z,1,Hyperscaler CAPEX,MEDIUM,0.790,"Microsoft commits to ""multi-billion-dollar"" investment in AI infrastructure in Ontario, Canada - Data Center Dynamics",Data Center Dynamics,https://news.google.com/rss/articles/CBMi0AFBVV95cUxPcXpxSklCVFNFUEhYVjdGSjl3Qjl2dW9FMUU1NGNnbS1ON1B0Q1JhVmFsbWVKSDAyc2dVYzVTMVFHR3hoelFkOTd5VXFlOUd3dkR3SUZYMzhueFhhVW00bDZySy1hUVlJSjFrTHRhNmgtWGlMdl9HWVlSOThIREhJYVJDZkI2VnUtaXlqaTFYdXB4bm1hTWVZeXkwX2NBbnRiOVZJV0wtX1F5WnI0N3AwLWg4Zkh1azdCS2RHaTJRbFdBN214WllqUW9rSVZWMDZY?oc=5,2026-04-12T23:00:00+00:00,
nvidia backed vast data raises 1 billion triples valuation to 30 billion,nvidia backed vast data raises 1 billion triples valuation to 30 billion,2026-05-12T02:34:26Z,2026-05-12T02:34:26Z,1,Supply Chain,HIGH,0.920,"Nvidia-Backed Vast Data Raises $1 Billion, Triples Valuation to $30 Billion - Bloomberg.com",Bloomberg.com,https://news.google.com/rss/articles/CBMiwAFBVV95cUxNenVWSlVRVUlnSVl1Y2FWbE50YTFVc2JLd1d5MkFfdDdNSEkyVHd1QU5EZ2JfdGdXLVAzSTV3NFdLeDBWWTlkeWpjOVFzTFF0TDlYb05qcGVJWkpCdmZaQ0JBNFdnQTJyVHluR3dZQkNuQ3N5LUFmakthVnYwT1pSR1RET3RVR0R1MWd2bFRyT04ycm5TWmhvUXBOZzNxY2N2NkZxQWhIX1FMV0tvQ3pMX1FuaWh3aXViNDRqanRsQTI?oc=5,2026-04-21T23:00:00+00:00,
amazon to invest up to another 25 billion in anthropic as part of ai infrastructure deal,amazon to invest up to another 25 billion in anthropic as part of ai infrastructure deal,2026-05-12T02:34:26Z,2026-05-12T02:34:26Z,1,Hyperscaler CAPEX,HIGH,0.920,Amazon to invest up to another $25 billion in Anthropic as part of AI infrastructure deal - CNBC,CNBC,https://news.google.com/rss/articles/CBMiqgFBVV95cUxOdENHZTV6MTdDdGFScHBGUTJEandaV2pqb3ZJWWFVTHpJNUtsNWJJUVBWZFQyQ05MSWVYOFcwQ05Keks4R1FEWVNENkw4VTRHOEZjXzkwLUNIZ1pjd1ZRNUpfSmVFZTZWQ21HX09jQzdUSUJhS1lDTzZPWFg2QmpVeWhZdHlOZGRoVVRkOEdOZzNSNWFDRjFMSTZXdk1LX2ZjcFVJWmZ1YUQ3d9IBrwFBVV95cUxNVWN2VjU0RFV1OFl6R1cyVXlpQ2JKaTdfQndJQzBuZ0tuQVZlUUJJQ09WMDAwY2NYdk51UWdyZElSTGkwZHVXX1JPSVBTWE5rbzBURWRGaFhtZHR1OFN5WXJvRlA3RlMtX2Z5SjRnTGRZZjFkVDRtcTFtZmNobVk2MzRwNDdHUkZpdl92c21HUkF6eWZrSjFTUTRSWmdNajhpcW1MSm9OTmU1THpGRlJF?oc=5,2026-04-19T23:00:00+00:00,
anthropic and amazon agree 100bn ai infrastructure deal,anthropic and amazon agree 100bn ai infrastructure deal,2026-05-12T02:34:26Z,2026-05-12T02:34:26Z,1,Hyperscaler CAPEX,HIGH,0.920,Anthropic and Amazon agree $100bn AI infrastructure deal - Financial Times,Financial Times,https://news.google.com/rss/articles/CBMihAFBVV95cUxNWjdMT0pnNVphVzEzcFFLSUp3bEhQbEZUbmZfaDhNLWFLeUFWLURGZTA2MWxKemFVSjBqcnhjbUVPa05BWU5wVk1CaXo5dDloQ25ZVUpUOHpsYnQ2a0tteHZQWnBEYkZkbFR3emtoTE03a280WXhRU0pLUUQtV0NFQUV3Nno?oc=5,2026-04-19T23:00:00+00:00,Anthropic and Amazon agree $100bn AI infrastruct
anthropic in talks with investors to raise funds at 900 billion valuation higher than openai,anthropic in talks with investors to raise funds at 900 billion valuation higher than openai,2026-05-12T02:34:26Z,2026-05-12T02:34:26Z,1,Frontier Labs,HIGH,0.920,"Anthropic in talks with investors to raise funds at $900 billion valuation, higher than OpenAI - CNBC",CNBC,https://news.google.com/rss/articles/CBMiogFBVV95cUxQemIwT21nSUIzZUtRR0xpNkN0S1hsQzJmdHIxek5raklGOVI3cVJIZnlYSEg2X2VsTkRTN2xqcEJ0dHQ2cWhjVHhvendqRGFzeGhEZml6LXJPLXVBbjdZakdCMlVFanVmeTNta0x2dURXQXJYbjdVTUNqOVhweDVyLWJjVHVkaHRPY0RmNG5WNWFXMFVwc0VQRXp0QXBHT0FwMWfSAacBQVVfeXFMTlJmLUxyekh0cGJ0YjRHTXRoV2xSM0d0LUs2VF9pTVhMZmxYOUZOM1FHT2x0cVA2R3pheW8tUEFOcFUycU03WGFGd21kUEV6WE4xVXgzcWM0a2VmOHFnZnpXbzUtQmMzTndIUURYTXF0WUZHa2NrYmQ3QkNPN19kS09xRDJYMGVoQWJCYjdDVHdmUE1kcTNrZTRzOWYyaHBqVy1ULTI4R1U?oc=5,2026-04-28T23:00:00+00:00,
deepseek slashes fees for new ai model in chinese price war,deepseek slashes fees for new ai model in chinese price war,2026-05-12T02:34:26Z,2026-05-12T02:34:26Z,1,Model Releases,MEDIUM,0.820,DeepSeek Slashes Fees for New AI Model in Chinese Price War - Bloomberg.com,Bloomberg.com,https://news.google.com/rss/articles/CBMirwFBVV95cUxNUzVOQzRjcV9mdTI3TnA4T3ZPMEtiX1FNYTAxaXdsS09iQjdGOHdsNklmRXpaR3NYc0pfdkZNSm1HcnhGX3RwT0R5cFZldnB5dXFIMTdKeHJveElaTUlNSzJsRHNXcHNoRjltWjR4b0JhcWs1NXlkdUcwbGktTTFDVmhVSXdCazB4bzI5NUJkME85NG5rWFRmV19neGU3aWJIaWhIQXVLX25YcFZvLW44?oc=5,2026-04-25T23:00:00+00:00,
softbank cuts target for openai margin loan by 40 to 6 billion,softbank cuts target for openai margin loan by 40 to 6 billion,2026-05-12T02:34:26Z,2026-05-12T02:34:26Z,1,Frontier Labs,HIGH,0.920,SoftBank Cuts Target for OpenAI Margin Loan by 40% to $6 Billion - Bloomberg.com,Bloomberg.com,https://news.google.com/rss/articles/CBMiswFBVV95cUxQMHhiczJ3MHphY3ZPcGhmSkVjODBSTXo5Y2Y2Z2lyRFVURG5NZ0hhbWxDVHlkTW1XZGtQcmdLc2QzcE1keWNqdFNwWG9EMWlHdTdRQUwtSEMyM0hzTHRIT2MxbTluODJtX2tNaG1YVEpQOXQwdUlDUVB1MHotcDFoQXJZSHFyRzdtNmQ2dWZvckFiTGF2c2k3SzVpbjJVb1M1RGhLeXREY3pXejYzRW40N3RzNA?oc=5,2026-05-07T23:15:47+00:00,
ex openai researcher s six week old startup targets funding at 4 billion valuation,ex openai researcher s six week old startup targets funding at 4 billion valuation,2026-05-12T02:34:26Z,2026-05-12T02:34:26Z,1,Supply Chain,HIGH,0.920,Ex-OpenAI Researcher’s Six-Week-Old Startup Targets Funding at $4 Billion Valuation - The Information,The Information,https://news.google.com/rss/articles/CBMiugFBVV95cUxQcXByeVk0R1p5NGR5eFpkTjQwRVVZb3l4RVZaT2Y3SVY1WDZ2bUo1ajhfX0psUEVUZFR0c0lxd0JFc3VFOEU2dFNYMWliRkppUHgzQWJwa2E3blJSLUdnQ1dQd0VrWjlwdEhmR3hrRzZSdnRiaXRrU3JRaUdoZzZCTTltSUh6RC05eHhlQ2k3ZFBQeDdCZEVMZlp0SjIwcG0tMzdNNGhsTFlFUzBGZGk0cERUN00zNElfd0E?oc=5,2026-05-07T15:33:00+00:00,
alphabet briefly tops nvidia after report of 200 billion anthropic cloud deal,alphabet briefly tops nvidia after report of 200 billion anthropic cloud deal,2026-05-12T02:34:26Z,2026-05-12T02:34:26Z,1,Frontier Labs,HIGH,0.920,Alphabet briefly tops Nvidia after report of $200 billion Anthropic cloud deal - CNBC,CNBC,https://news.google.com/rss/articles/CBMivAFBVV95cUxNOEpicHpEbnNXcnk5TDNPTHJuWG1hNW9PaWxXeU0xLTJnX2JRMWhncTF1VTdIUDNneG5vQ0NpVDRfM1p0a2ZXSEw2anhJSDdTemM4VlJITDVkY1gzTDhfOHRrRjY4d2p5SjlLZ1IxS2lScFlLZTE5Qjc3RXl2WU9CWV9SR3NJZVQ5Uk1NY3RNYnpjS0p0RHZZaGRJSnpPYUJINW5zVFNuNWU0b05kb25ueTRSWDJrSXZNSmFJTg?oc=5,2026-05-05T19:33:00+00:00,
pentagon seeks to reconsider parts of 10 billion cloud contract awarded to microsoft,pentagon seeks to reconsider parts of 10 billion cloud contract awarded to microsoft,2026-05-12T02:34:26Z,2026-05-12T02:34:26Z,1,Hyperscaler CAPEX,HIGH,0.944,Pentagon seeks to reconsider parts of $10 billion cloud contract awarded to Microsoft - Reuters,Reuters,https://news.google.com/rss/articles/CBMi0AFBVV95cUxNUGd0a280ZVg2WHBDaERDY1NoSW9YTjk1dHJNdDliUzNfZXYzNVBBYkpfcWcwa3pMZmxRNXprem5LY1VVM0NFWG5QQUdaV25welBsVk9VMGFKcFljOWxlR2lvRU1lVmtacHltTjY4Q0ROanpnZnhWUTNxWXNfWlFvdjFBdUdrajlVT256eU9lUmZJSnZ3Y2NZS1k3ZFJrdmEwY3Y3bjJJbUprM3BQUURwZjlSOUJvYkcyamFQTkNUR3Y0QUhHWFlmY2pSN2NldFRX?oc=5,2026-05-11T13:52:26+00:00,
cerebras-ipo,cerebras-ipo,2026-05-12T02:34:26Z,2026-05-12T02:34:26Z,1,Frontier Labs,HIGH,0.934,Cerebras bumps up IPO range as it looks to raise up to $4.8 billion - CNBC,CNBC,https://news.google.com/rss/articles/CBMib0FVX3lxTE9XbDFQejZiZ0Nvc0ZaSzRBV0dScHFpZnFra0dYa3BrT3Y4V1l0UjJSZ0c4MXR3elZLQVlHWUxmU2VZYzgtTWN4TWg1Z3hjMzdmYkt6N3ZQdkpGLVlGNFI1cW1JSmZlTnBrMDV0QVJ5Z9IBdEFVX3lxTE5lN0hYeFhhLTJ1UGZhNlNPYmVDQlV1SXBqamNUVTIxU0Eyc2Z5dWtUUjlzY3VaZUJuZVR3YnJUWWIxblBOS1RVazdTZHIzQzZLX2poUVdsNmhvaGxzTzVfZWVxTGV0UEU0eTZnWTljU0V0NnhM?oc=5,2026-05-11T04:19:53+00:00,
anthropic nears 1t valuation as revenue surges,anthropic nears 1t valuation as revenue surges,2026-05-12T02:34:26Z,2026-05-12T02:34:26Z,1,Frontier Labs,HIGH,0.862,Anthropic nears $1T valuation as revenue surges - Yahoo Finance,Yahoo Finance,https://news.google.com/rss/articles/CBMimAFBVV95cUxNVDZSWXBINDUwOFVycTBSUmFraUd6VGhJRi1XUDFWeWpJNmQwY3VaeWxVVFZrTUxLRWNYaTcwUTdEZk9XUzE2SG9WaDJXWk1nRm1tNVpZZ2ZNd3lNVEpqTURMbkdoVTVQT1FhZ3FYNFU2WEhLeXRZX0c2bzJGVzNEelZMb0JSdmY0WkR0SEpTd3ctaTNLZ3V4eA?oc=5,2026-05-11T12:21:17+00:00,Anthropic nears $1T v
anthropic-akamai-cloud-contract,anthropic-akamai-cloud-contract,2026-05-12T02:34:26Z,2026-05-12T02:34:26Z,1,Frontier Labs,HIGH,0.853,Anthropic secures $1.8bn cloud deal with Akamai for AI expansion - Yahoo Finance,Yahoo Finance,https://news.google.com/rss/articles/CBMinwFBVV95cUxQdmtVTVRrX01CSkVEZjhBdFBPWDc2OGFmZUhSNkIzVWgwVXBFNk1PTmk1NHBkdV9wek9DWkI1Uy1QV2l4SEZha3F6NHZnbzluNWxWRFBQQW5HMlNsWGJSeElvaEM2OXpLSHVLZnlKV2Fwdnc1UENjQ0VRVkpxVV9Sb3RBdlFkZzhleFlfcmsyRVl3Qm5QN2tMLWlHeHdfbnM?oc=5,2026-05-11T03:39:39+00:00,Anthropic se
amazon s chile data center moves ahead after residents lose environmental challenge,amazon s chile data center moves ahead after residents lose environmental challenge,2026-05-12T02:34:26Z,2026-05-12T02:34:26Z,1,Hyperscaler CAPEX,MEDIUM,0.823,Amazon's Chile data center moves ahead after residents lose environmental challenge - Reuters,Reuters,https://news.google.com/rss/articles/CBMi3gFBVV95cUxQNGxKWThnOTNDQnZjSkdORmxxZVZPdV9TcjIteXhNcGhUdXpiT25vNktLQmgzOGd3aDFtbVZtTTh6WERHMk1heGNFQ3E1ME1ZOVVZN3RwUlNfdnkyd3AtNGQwMXpmWnh1Q0JwcDdSUEtUYkFFbzRfVnpZWktycHh3RXlyU0lDY1JTS090SjFXSHZkTWZkVUZWNWFzeExySXlHS3RiNDhyOTIyMGZ4MF9RMWRSbUJGWVc3RDQzSXNaZzBteVdNdzlGVUpOZlZsYVh5bUUxSFN5WU1uM016Qnc?oc=5,2026-05-09T23:00:00+00:00,
eu-commission-openai-anthropic,eu-commission-openai-anthropic,2026-05-11T12:36:19Z,2026-05-11T12:36:19Z,1,Frontier Labs,MEDIUM,0.849,EU Commission in talks with OpenAI and Anthropic over AI models - Reuters,Reuters,https://news.google.com/rss/articles/CBMizAFBVV95cUxPUmMycEVRUGxZV2VUU05oZ0JzMC14Q0JnS2lCZkg1Z1BJSEwzRW52OXVBcFJRdzJLSEYzWGpyQlk5X2x2TC1IalZTdGctLW9RNDdQeHdURG5meFRSU3B3TmVaYTBRTEFuVDlHS3NUMzNiczBSWFlMYmxnYUxiZWJnTF9TZXpOSkZPamZ2bEtsMHN0T3dfdDB4XzQycy1qNmkyd3JfNjVfRl9OVm40U1BDQlp4RGtwVmp2R3o0cloyTzN3OXB6ZHFVdEZRTGk?oc=5,2026-05-11T02:53:25+00:00,
airtrunk acquires site in melbourne australia for 354mw data center,airtrunk acquires site in melbourne australia for 354mw data center,2026-05-11T12:36:19Z,2026-05-11T12:36:19Z,1,ANZ DC,MEDIUM,0.670,"AirTrunk acquires site in Melbourne, Australia, for 354MW data center - Data Center Dynamics",Data Center Dynamics,https://news.google.com/rss/articles/CBMisAFBVV95cUxOTVFnbW9uRWxtWldiMUdNaElUVjJQVnlGelpoaHBTV3RmOTBUdHZlTkM4bWxlU09Ma2t0Q3NQMEpoUjFfNmRCemh4T3Z1SW56STNFVDd1Smo0OWJoRXNJa2dsbURobkhWT3FpaHhKYk9sbG1tbnVZcFJyUjVhY1dxalQtXzhfNXlfMlhHTXJuVjRqMURlNlIxX001V3hZblpHM2lqaVZ4ZTZSWW4zTjdZaQ?oc=5,2025-12-24T00:00:00+00:00,
